,multi_e5,xlm_roberta
0,1,1
1,7,7
2,8,8
3,13,13
4,4,7
5,13,13
6,7,7
7,5,5
8,6,6
9,13,12
10,13,13
11,12,10
12,5,5
13,13,13
14,10,9
15,6,6
16,12,12
17,5,5
18,6,6
19,2,1
20,5,5
21,11,11
22,7,7
23,12,12
24,11,11
25,7,11
26,11,11
27,3,3
28,11,5
29,12,12
30,6,8
31,6,6
32,9,9
33,6,13
34,10,10
35,6,1
36,13,13
37,5,7
38,8,8
39,10,5
40,5,5
41,5,5
42,1,1
43,7,7
44,5,5
45,4,4
46,13,5
47,5,5
48,6,13
49,6,6
50,11,11
51,9,9
52,5,5
53,14,14
54,11,11
55,6,5
56,5,5
57,1,13
58,5,5
59,6,1
60,13,11
61,11,11
62,7,7
63,5,5
64,5,5
65,1,1
66,6,7
67,1,1
68,13,13
69,9,9
70,13,6
71,8,2
72,13,13
73,8,8
74,11,11
75,2,10
76,10,11
77,4,5
78,5,5
79,13,13
80,6,1
81,2,2
82,3,12
83,4,7
84,13,13
85,5,5
86,13,13
87,8,8
88,14,14
89,6,6
90,6,1
91,11,11
92,9,11
93,13,13
94,14,14
95,5,5
96,4,4
97,4,4
98,6,10
99,13,13
100,6,6
101,13,13
102,7,7
103,12,12
104,13,13
105,4,10
106,13,4
107,11,12
108,1,1
109,6,6
110,6,6
111,8,8
112,9,9
113,13,13
114,12,12
115,2,11
116,4,3
117,6,6
118,7,7
119,13,13
120,12,12
121,4,4
122,6,5
123,13,13
124,5,5
125,5,5
126,7,7
127,4,4
128,1,1
129,13,13
130,3,3
131,11,1
132,13,13
133,5,5
134,13,6
135,10,8
136,13,13
137,5,1
138,11,11
139,7,7
140,1,1
141,1,1
142,10,10
143,6,13
144,6,5
145,5,5
146,5,5
147,11,11
148,1,1
149,6,7
150,6,13
151,13,13
152,14,14
153,5,5
154,12,12
155,7,7
156,6,6
157,5,1
158,7,7
159,6,13
160,5,11
161,5,5
162,5,5
163,13,13
164,8,8
165,6,8
166,12,11
167,5,5
168,2,2
169,5,4
170,14,14
171,14,2
172,1,1
173,13,13
174,2,2
175,4,7
176,5,5
177,4,12
178,10,12
179,14,14
180,6,5
181,13,13
182,10,11
183,13,13
184,12,12
185,12,12
186,3,3
187,4,4
188,13,13
189,13,13
190,14,11
191,3,3
192,13,13
193,7,10
194,13,13
195,1,1
196,12,12
197,3,3
198,14,14
199,11,11
200,6,6
201,6,6
202,10,10
203,3,3
204,5,5
205,10,10
206,9,9
207,11,11
208,13,13
209,11,11
210,1,1
211,7,7
212,11,11
213,14,14
214,2,2
215,14,14
216,2,2
217,1,1
218,11,11
219,6,13
220,5,5
221,13,13
222,9,2
223,13,13
224,13,12
225,5,5
226,2,2
227,4,7
228,7,7
229,10,11
230,2,9
231,10,10
232,13,13
233,10,10
234,6,8
235,5,5
236,13,13
237,13,3
238,4,3
239,13,13
240,7,7
241,7,7
242,2,1
243,11,11
244,13,13
245,9,9
246,3,3
247,9,5
248,11,11
249,4,13
250,7,5
251,4,4
252,9,1
253,5,5
254,11,11
255,13,13
256,9,9
257,10,6
258,7,7
259,6,5
260,12,12
261,11,11
262,8,8
263,12,12
264,11,11
265,11,11
266,9,5
267,2,2
268,7,7
269,5,5
270,14,5
271,6,1
272,11,13
273,1,1
274,8,8
275,7,7
276,13,13
277,3,3
278,5,5
279,13,13
280,12,12
281,8,1
282,5,5
283,13,13
284,13,13
285,6,5
286,5,5
287,4,4
288,2,2
289,13,13
290,6,5
291,6,6
292,1,1
293,12,12
294,9,11
295,1,1
296,6,4
297,3,3
298,6,10
299,5,5
300,13,13
301,4,11
302,13,13
303,5,5
304,4,5
305,1,1
306,13,13
307,6,5
308,14,14
309,11,11
310,6,6
311,5,5
312,13,13
313,9,1
314,11,12
315,13,13
316,4,11
317,6,8
318,4,4
319,12,11
320,8,1
321,10,5
322,13,13
323,6,1
324,9,9
325,10,5
326,5,7
327,6,6
328,6,10
329,6,9
330,9,9
331,5,5
332,1,11
333,13,13
334,6,6
335,5,5
336,12,12
337,13,13
338,1,1
339,13,13
340,13,13
341,13,13
342,7,7
343,1,1
344,3,3
345,13,13
346,12,12
347,2,2
348,9,9
349,1,12
350,5,7
351,6,13
352,13,9
353,13,13
354,9,9
355,13,13
356,5,5
357,13,13
358,1,1
359,4,1
360,5,5
361,13,13
362,6,5
363,5,5
364,7,7
365,5,5
366,6,13
367,13,13
368,7,7
369,4,4
370,5,5
371,10,10
372,10,11
373,6,8
374,2,2
375,13,13
376,13,13
377,7,8
378,9,11
379,6,13
380,12,12
381,11,1
382,13,13
383,7,7
384,13,13
385,6,6
386,6,8
387,13,13
388,3,4
389,6,11
390,3,3
391,6,6
392,6,11
393,1,1
394,7,7
395,6,13
396,1,1
397,5,5
398,2,2
399,13,13
400,5,5
401,3,3
402,5,5
403,5,5
404,3,3
405,2,2
406,13,13
407,12,12
408,13,13
409,3,11
410,6,6
411,11,11
412,5,5
413,6,6
414,6,6
415,13,13
416,7,7
417,3,3
418,1,11
419,1,1
420,14,14
421,5,5
422,6,6
423,5,5
424,6,1
425,2,2
426,13,5
427,5,1
428,1,1
429,1,1
430,2,11
431,5,5
432,9,9
433,5,5
434,3,3
435,12,12
436,13,13
437,5,5
438,3,3
439,11,11
440,13,13
441,13,13
442,2,14
443,13,13
444,5,5
445,7,7
446,5,13
447,5,5
448,3,9
449,5,5
450,9,5
451,5,5
452,2,2
453,5,5
454,2,2
455,8,8
456,10,10
457,12,12
458,13,13
459,9,9
460,2,2
461,1,1
462,6,6
463,7,7
464,5,7
465,3,3
466,5,8
467,6,6
468,5,5
469,10,7
470,5,5
471,10,13
472,5,5
473,13,13
474,13,13
475,3,3
476,2,2
477,6,6
478,12,12
479,5,5
480,13,1
481,13,13
482,5,5
483,13,13
484,13,13
485,2,2
486,13,4
487,13,13
488,9,5
489,6,6
490,14,14
491,6,13
492,3,3
493,9,9
494,7,5
495,7,7
496,6,6
497,4,4
498,13,13
499,11,13
500,6,5
501,9,6
502,7,7
503,11,11
504,9,9
505,5,5
506,11,11
507,5,5
508,13,13
509,13,13
510,6,6
511,6,6
512,4,1
513,5,5
514,5,5
515,13,13
516,5,5
517,7,7
518,5,5
519,10,10
520,13,13
521,13,13
522,13,13
523,6,6
524,6,6
525,6,1
526,4,7
527,5,5
528,1,1
529,5,5
530,6,6
531,13,13
532,13,13
533,5,5
534,1,1
535,5,5
536,5,5
537,9,9
538,13,13
539,5,5
540,1,1
541,6,6
542,7,7
543,1,1
544,8,8
545,5,5
546,6,5
547,1,1
548,4,5
549,6,5
550,13,13
551,6,5
552,2,2
553,7,5
554,5,5
555,10,7
556,6,6
557,13,13
558,3,3
559,5,5
560,11,11
561,3,5
562,9,9
563,12,11
564,11,11
565,5,5
566,13,13
567,7,7
568,2,2
569,9,9
570,7,7
571,4,7
572,11,11
573,11,11
574,13,13
575,5,5
576,5,5
577,13,13
578,2,2
579,11,2
580,7,7
581,5,5
582,6,6
583,5,5
584,10,10
585,10,10
586,9,5
587,13,13
588,8,8
589,1,1
590,11,11
591,1,1
592,13,13
593,13,13
594,6,13
595,7,6
596,2,2
597,13,13
598,13,13
599,7,7
600,2,2
601,5,5
602,11,1
603,13,13
604,14,14
605,12,1
606,10,10
607,6,6
608,13,13
609,2,1
610,10,2
611,7,9
612,5,5
613,6,6
614,6,6
615,10,9
616,1,1
617,9,9
618,11,11
619,1,11
620,11,11
621,3,3
622,13,12
623,6,6
624,10,5
625,12,13
626,6,8
627,7,7
628,6,6
629,14,14
630,10,1
631,12,5
632,5,5
633,5,5
634,4,4
635,2,2
636,13,13
637,13,13
638,9,4
639,9,9
640,6,6
641,1,1
642,6,1
643,3,3
644,3,11
645,7,7
646,6,6
647,5,5
648,5,5
649,5,5
650,1,1
651,13,6
652,4,7
653,13,13
654,12,12
655,13,13
656,1,1
657,13,13
658,11,11
659,13,13
660,5,5
661,13,13
662,10,5
663,7,7
664,5,5
665,10,10
666,1,1
667,5,7
668,5,5
669,3,13
670,13,13
671,13,13
672,5,5
673,13,13
674,6,1
675,14,14
676,2,2
677,7,6
678,5,5
679,10,2
680,1,1
681,8,13
682,5,5
683,6,6
684,1,10
685,3,11
686,5,9
687,1,9
688,13,13
689,7,7
690,1,1
691,6,6
692,2,2
693,1,1
694,5,5
695,5,5
696,4,4
697,3,3
698,13,13
699,14,14
700,13,13
701,5,5
702,6,6
703,9,9
704,12,12
705,13,13
706,5,5
707,2,2
708,12,12
709,9,5
710,10,11
711,13,6
712,2,2
713,13,13
714,13,13
715,13,13
716,5,5
717,13,12
718,13,14
719,13,13
720,5,13
721,5,5
722,13,13
723,1,1
724,4,4
725,14,14
726,9,11
727,6,7
728,4,4
729,7,7
730,6,6
731,14,14
732,14,14
733,11,11
734,5,5
735,10,10
736,13,13
737,5,5
738,9,14
739,5,5
740,13,13
741,13,10
742,1,13
743,5,5
744,1,1
745,12,12
746,2,2
747,12,12
748,13,13
749,8,8
750,13,13
751,6,6
752,7,7
753,3,11
754,7,7
755,6,13
756,5,5
757,6,7
758,9,8
759,7,7
760,7,6
761,13,13
762,7,7
763,5,5
764,6,10
765,4,4
766,1,1
767,5,5
768,6,6
769,7,7
770,2,1
771,13,13
772,12,12
773,7,7
774,10,10
775,13,6
776,13,13
777,11,12
778,5,5
779,6,5
780,1,1
781,5,5
782,13,13
783,3,3
784,5,5
785,4,13
786,4,4
787,7,7
788,13,13
789,4,4
790,14,14
791,6,5
792,1,1
793,5,5
794,2,2
795,13,13
796,4,11
797,6,6
798,6,5
799,3,3
800,5,5
801,13,13
802,4,4
803,8,8
804,10,7
805,13,13
806,8,8
807,10,10
808,9,7
809,9,9
810,12,12
811,3,3
812,14,14
813,1,4
814,13,13
815,14,2
816,5,5
817,6,10
818,5,5
819,11,11
820,2,2
821,13,13
822,14,7
823,2,2
824,13,13
825,5,5
826,5,5
827,10,10
828,6,6
829,10,10
830,10,7
831,13,8
832,8,8
833,7,7
834,13,3
835,2,2
836,14,13
837,6,7
838,13,13
839,2,7
840,11,11
841,12,5
842,5,5
843,6,6
844,5,5
845,3,3
846,12,13
847,11,11
848,13,13
849,5,7
850,2,2
851,13,7
852,5,5
853,14,14
854,10,13
855,13,13
856,8,7
857,5,3
858,7,5
859,5,5
860,6,6
861,13,5
862,5,5
863,4,4
864,5,5
865,3,3
866,5,5
867,11,11
868,10,11
869,9,9
870,13,13
871,9,9
872,5,5
873,6,6
874,5,5
875,2,2
876,5,5
877,5,5
878,13,13
879,3,3
880,13,13
881,6,6
882,5,5
883,6,6
884,5,5
885,8,8
886,1,1
887,6,5
888,5,5
889,11,11
890,1,1
891,5,5
892,1,1
893,11,11
894,13,13
895,10,10
896,1,1
897,6,6
898,7,4
899,11,11
900,13,13
901,13,13
902,13,13
903,8,8
904,1,1
905,11,11
906,5,5
907,13,7
908,11,11
909,13,13
910,11,7
911,10,10
912,4,11
913,11,10
914,11,11
915,8,8
916,13,13
917,5,5
918,5,5
919,13,13
920,5,13
921,14,14
922,13,13
923,3,13
924,6,6
925,7,4
926,13,13
927,6,1
928,10,10
929,12,8
930,7,7
931,9,9
932,1,1
933,11,11
934,13,13
935,1,1
936,13,13
937,6,6
938,3,3
939,9,8
940,6,5
941,5,5
942,1,1
943,11,11
944,7,7
945,13,13
946,2,2
947,13,5
948,6,7
949,6,8
950,10,5
951,5,5
952,5,5
953,6,7
954,2,1
955,9,9
956,13,13
957,5,5
958,13,13
959,12,12
960,7,7
961,9,9
962,13,13
963,1,1
964,5,8
965,13,13
966,13,13
967,6,9
968,11,11
969,11,9
970,4,5
971,3,13
972,6,6
973,9,9
974,6,6
975,13,13
976,7,7
977,6,5
978,11,11
979,12,12
980,1,13
981,13,13
982,8,8
983,13,13
984,13,13
985,11,11
986,12,12
987,3,3
988,12,13
989,5,5
990,12,13
991,12,13
992,7,5
993,6,13
994,6,6
995,13,13
996,5,5
997,10,10
998,5,5
999,6,13
1000,5,5
1001,7,7
1002,13,13
1003,13,13
1004,14,14
1005,1,1
1006,13,13
1007,11,11
1008,13,13
1009,10,2
1010,10,5
1011,3,13
1012,13,13
1013,8,7
1014,12,12
1015,11,11
1016,13,13
1017,7,7
1018,7,7
1019,7,7
1020,13,13
1021,8,13
1022,7,7
1023,5,5
1024,12,12
1025,1,1
1026,5,5
1027,12,12
1028,5,5
1029,6,6
1030,7,6
1031,6,9
1032,6,6
1033,11,11
1034,5,5
1035,12,12
1036,13,13
1037,5,5
1038,9,9
1039,5,5
1040,14,14
1041,7,7
1042,13,13
1043,2,2
1044,2,2
1045,1,1
1046,5,5
1047,13,13
1048,13,13
1049,11,1
1050,5,5
1051,6,11
1052,3,3
1053,4,4
1054,5,5
1055,5,5
1056,11,11
1057,5,11
1058,5,7
1059,5,5
1060,6,5
1061,13,13
1062,13,13
1063,10,9
1064,1,1
1065,6,6
1066,14,14
1067,13,11
1068,5,5
1069,7,7
1070,6,11
1071,13,13
1072,5,5
1073,6,1
1074,2,2
1075,13,13
1076,6,12
1077,5,5
1078,4,4
1079,8,8
1080,13,13
1081,7,7
1082,5,5
1083,5,5
1084,13,13
1085,13,13
1086,6,6
1087,10,10
1088,9,1
1089,6,13
1090,5,5
1091,12,12
1092,7,7
1093,13,13
1094,4,4
1095,8,8
1096,13,13
1097,3,3
1098,8,8
1099,10,6
1100,7,7
1101,10,11
1102,4,5
1103,2,2
1104,7,7
1105,13,13
1106,7,10
1107,5,5
1108,7,5
1109,7,7
1110,6,6
1111,12,12
1112,1,5
1113,5,5
1114,5,5
1115,5,5
1116,10,2
1117,14,14
1118,13,13
1119,11,11
1120,1,1
1121,13,13
1122,6,6
1123,10,11
1124,5,5
1125,14,7
1126,5,5
1127,12,11
1128,6,1
1129,12,12
1130,5,5
1131,5,5
1132,6,5
1133,7,7
1134,1,1
1135,13,12
1136,10,10
1137,10,10
1138,1,9
1139,10,5
1140,14,14
1141,1,1
1142,6,6
1143,12,12
1144,11,11
1145,12,12
1146,9,10
1147,5,5
1148,13,13
1149,9,9
1150,13,13
1151,4,4
1152,9,9
1153,5,8
1154,11,11
1155,10,3
1156,13,8
1157,5,5
1158,13,13
1159,11,11
1160,12,13
1161,1,1
1162,7,7
1163,13,13
1164,13,13
1165,6,13
1166,13,13
1167,2,2
1168,5,5
1169,7,7
1170,14,14
1171,9,9
1172,5,5
1173,6,4
1174,13,13
1175,11,11
1176,13,13
1177,5,5
1178,6,1
1179,12,12
1180,13,13
1181,5,5
1182,7,5
1183,7,7
1184,3,3
1185,11,11
1186,13,13
1187,13,13
1188,10,10
1189,1,1
1190,11,13
1191,6,8
1192,5,5
1193,2,2
1194,1,1
1195,14,14
1196,14,5
1197,7,7
1198,8,8
1199,13,13
1200,1,8
1201,4,4
1202,13,13
1203,8,8
1204,10,2
1205,13,13
1206,13,13
1207,13,13
1208,6,6
1209,14,14
1210,9,11
1211,1,1
1212,7,3
1213,6,12
1214,6,1
1215,1,1
1216,9,9
1217,5,5
1218,6,6
1219,6,13
1220,6,1
1221,4,6
1222,9,9
1223,7,7
1224,6,10
1225,10,10
1226,1,1
1227,7,5
1228,11,12
1229,10,10
1230,6,6
1231,13,13
1232,13,13
1233,8,8
1234,11,8
1235,13,13
1236,11,11
1237,6,6
1238,7,7
1239,5,5
1240,8,8
1241,3,3
1242,4,6
1243,6,12
1244,2,2
1245,4,4
1246,6,9
1247,8,8
1248,13,13
1249,3,5
1250,13,12
1251,6,6
1252,13,13
1253,6,6
1254,1,1
1255,5,5
1256,13,13
1257,13,13
1258,13,13
1259,10,10
1260,12,12
1261,8,4
1262,12,12
1263,9,9
1264,5,5
1265,5,5
1266,7,5
1267,2,2
1268,6,6
1269,5,5
1270,6,6
1271,5,5
1272,3,4
1273,12,12
1274,7,5
1275,4,4
1276,9,7
1277,3,3
1278,13,13
1279,9,9
1280,10,10
1281,12,13
1282,7,7
1283,13,13
1284,5,5
1285,12,13
1286,6,6
1287,7,7
1288,6,1
1289,1,1
1290,5,5
1291,14,9
1292,6,6
1293,11,6
1294,6,6
1295,13,13
1296,6,6
1297,3,3
1298,1,1
1299,13,13
1300,8,8
1301,6,6
1302,7,7
1303,13,13
1304,4,4
1305,9,6
1306,9,9
1307,7,7
1308,12,12
1309,5,5
1310,3,3
1311,13,13
1312,13,13
1313,6,6
1314,5,5
1315,3,3
1316,5,5
1317,13,13
1318,12,12
1319,5,5
1320,6,6
1321,5,5
1322,7,7
1323,1,1
1324,13,6
1325,1,1
1326,7,7
1327,6,7
1328,13,13
1329,13,13
1330,13,13
1331,5,5
1332,7,7
1333,13,13
1334,5,5
1335,6,6
1336,14,13
1337,5,5
1338,5,5
1339,13,13
1340,3,7
1341,5,5
1342,6,10
1343,5,5
1344,10,10
1345,13,13
1346,10,8
1347,9,9
1348,3,7
1349,11,11
1350,9,9
1351,6,7
1352,5,5
1353,13,13
1354,3,11
1355,12,12
1356,7,7
1357,13,13
1358,7,7
1359,7,7
1360,1,1
1361,13,13
1362,7,7
1363,13,13
1364,10,10
1365,13,13
1366,3,3
1367,11,11
1368,13,13
1369,5,5
1370,6,6
1371,8,8
1372,13,13
1373,13,13
1374,5,5
1375,8,8
1376,2,2
1377,6,6
1378,5,5
1379,1,1
1380,9,5
1381,9,5
1382,12,12
1383,6,12
1384,11,11
1385,7,5
1386,8,8
1387,4,4
1388,13,13
1389,13,13
1390,6,8
1391,13,13
1392,13,13
1393,9,4
1394,5,5
1395,12,12
1396,13,13
1397,7,6
1398,10,7
1399,4,5
1400,5,5
1401,11,11
1402,5,5
1403,9,6
1404,13,13
1405,13,13
1406,9,5
1407,13,13
1408,10,13
1409,6,6
1410,13,13
1411,8,8
1412,12,12
1413,14,14
1414,11,5
1415,9,5
1416,5,5
1417,4,4
1418,6,5
1419,13,13
1420,5,5
1421,11,11
1422,4,4
1423,9,9
1424,12,12
1425,11,13
1426,5,5
1427,6,14
1428,10,10
1429,6,6
1430,6,6
1431,2,2
1432,2,2
1433,5,5
1434,4,5
1435,10,6
1436,10,7
1437,13,13
1438,4,3
1439,13,13
1440,6,5
1441,5,5
1442,8,6
1443,5,5
1444,10,12
1445,7,7
1446,12,12
1447,6,12
1448,12,12
1449,14,14
1450,9,9
1451,2,2
1452,4,10
1453,13,13
1454,6,6
1455,10,10
1456,5,5
1457,13,13
1458,13,13
1459,2,2
1460,5,5
1461,5,5
1462,5,5
1463,12,14
1464,10,10
1465,11,11
1466,7,7
1467,11,11
1468,6,6
1469,7,7
1470,5,7
1471,13,13
1472,5,5
1473,3,3
1474,8,8
1475,7,7
1476,3,3
1477,13,13
1478,13,13
1479,11,11
1480,13,12
1481,10,11
1482,9,11
1483,5,5
1484,4,4
1485,8,8
1486,13,13
1487,7,7
1488,6,13
1489,8,8
1490,11,11
1491,6,6
1492,6,6
1493,13,13
1494,11,11
1495,2,11
1496,2,11
1497,6,13
1498,13,13
1499,6,6
1500,13,12
1501,4,5
1502,5,5
1503,2,2
1504,7,5
1505,1,10
1506,1,1
1507,12,12
1508,1,1
1509,6,13
1510,11,11
1511,5,5
1512,7,9
1513,4,4
1514,14,14
1515,2,2
1516,9,9
1517,6,6
1518,6,3
1519,13,2
1520,4,12
1521,13,13
1522,5,5
1523,3,11
1524,6,12
1525,4,5
1526,1,1
1527,10,11
1528,8,8
1529,5,5
1530,7,7
1531,13,13
1532,1,1
1533,7,7
1534,5,5
1535,6,6
1536,11,6
1537,6,6
1538,6,6
1539,10,6
1540,1,1
1541,5,5
1542,9,9
1543,11,11
1544,14,14
1545,9,9
1546,13,13
1547,5,5
1548,2,2
1549,8,7
1550,9,9
1551,5,5
1552,13,13
1553,12,12
1554,6,13
1555,13,13
1556,5,5
1557,5,5
1558,13,13
1559,11,11
1560,6,13
1561,12,12
1562,2,2
1563,2,11
1564,6,6
1565,13,13
1566,13,13
1567,10,10
1568,6,5
1569,5,5
1570,13,13
1571,1,1
1572,13,13
1573,7,7
1574,14,14
1575,7,9
1576,5,5
1577,9,5
1578,3,3
1579,1,1
1580,3,3
1581,11,6
1582,5,5
1583,13,13
1584,1,1
1585,10,10
1586,5,5
1587,10,11
1588,6,14
1589,11,11
1590,2,2
1591,5,5
1592,6,14
1593,12,12
1594,6,6
1595,13,13
1596,13,13
1597,11,11
1598,5,5
1599,13,13
1600,5,5
1601,12,12
1602,11,11
1603,5,5
1604,6,6
1605,1,1
1606,5,5
1607,11,5
1608,13,13
1609,7,7
1610,12,12
1611,12,12
1612,1,1
1613,7,7
1614,12,13
1615,5,5
1616,4,4
1617,1,1
1618,1,1
1619,1,1
1620,6,7
1621,13,11
1622,9,9
1623,13,13
1624,13,13
1625,13,13
1626,3,3
1627,13,13
1628,11,4
1629,5,5
1630,6,13
1631,7,7
1632,13,13
1633,8,8
1634,13,13
1635,4,4
1636,5,5
1637,5,5
1638,13,13
1639,12,12
1640,5,10
1641,2,2
1642,4,4
1643,2,2
1644,8,8
1645,14,14
1646,3,3
1647,13,13
1648,3,5
1649,13,13
1650,4,4
1651,5,5
1652,9,9
1653,10,10
1654,13,13
1655,4,4
1656,5,5
1657,1,13
1658,8,7
1659,13,13
1660,7,7
1661,6,6
1662,2,2
1663,10,10
1664,5,14
1665,5,5
1666,12,11
1667,5,5
1668,13,13
1669,13,13
1670,13,13
1671,8,7
1672,7,8
1673,9,9
1674,14,14
1675,7,5
1676,13,13
1677,3,3
1678,7,7
1679,1,1
1680,5,5
1681,1,1
1682,6,5
1683,5,5
1684,14,14
1685,5,5
1686,13,13
1687,1,5
1688,5,8
1689,7,7
1690,8,8
1691,2,1
1692,1,1
1693,6,6
1694,12,5
1695,13,13
1696,4,4
1697,13,13
1698,3,3
1699,7,7
1700,5,5
1701,13,13
1702,13,13
1703,7,7
1704,5,5
1705,5,5
1706,1,1
1707,9,9
1708,13,13
1709,7,7
1710,5,5
1711,14,14
1712,10,1
1713,12,13
1714,2,2
1715,13,13
1716,5,9
1717,7,4
1718,8,8
1719,14,14
1720,4,4
1721,5,5
1722,4,4
1723,7,7
1724,7,7
1725,6,8
1726,6,2
1727,11,11
1728,6,7
1729,6,8
1730,11,3
1731,14,14
1732,11,11
1733,5,5
1734,12,12
1735,12,12
1736,5,5
1737,12,12
1738,11,11
1739,7,5
1740,6,6
1741,4,4
1742,13,11
1743,13,13
1744,5,5
1745,1,1
1746,6,6
1747,11,11
1748,9,9
1749,6,6
1750,13,13
1751,13,13
1752,1,1
1753,5,5
1754,6,13
1755,10,10
1756,5,5
1757,12,12
1758,5,5
1759,12,10
1760,5,5
1761,5,5
1762,11,5
1763,5,5
1764,12,11
1765,13,13
1766,1,1
1767,3,13
1768,13,3
1769,13,13
1770,5,5
1771,14,8
1772,13,1
1773,14,14
1774,5,5
1775,14,14
1776,11,11
1777,5,13
1778,14,14
1779,4,4
1780,13,13
1781,5,5
1782,2,2
1783,5,8
1784,3,3
1785,1,5
1786,7,7
1787,7,7
1788,7,1
1789,7,7
1790,14,13
1791,7,7
1792,11,11
1793,11,11
1794,2,2
1795,11,11
1796,13,13
1797,13,13
1798,13,13
1799,12,6
1800,5,5
1801,13,13
1802,13,13
1803,13,13
1804,13,13
1805,1,1
1806,3,3
1807,5,5
1808,6,6
1809,5,5
1810,13,13
1811,6,1
1812,3,3
1813,13,13
1814,3,13
1815,5,5
1816,3,3
1817,5,4
1818,2,11
1819,2,2
1820,8,8
1821,7,10
1822,9,6
1823,1,1
1824,13,13
1825,1,1
1826,4,5
1827,13,13
1828,13,13
1829,13,13
1830,7,7
1831,7,7
1832,8,1
1833,12,12
1834,9,8
1835,10,5
1836,7,7
1837,10,10
1838,13,8
1839,3,3
1840,2,2
1841,13,6
1842,13,13
1843,11,11
1844,3,3
1845,10,9
1846,5,5
1847,3,3
1848,6,6
1849,13,13
1850,10,7
1851,13,13
1852,5,7
1853,3,3
1854,13,13
1855,6,6
1856,5,5
1857,6,6
1858,6,6
1859,7,7
1860,5,5
1861,13,5
1862,10,5
1863,5,5
1864,1,1
1865,4,4
1866,5,5
1867,7,7
1868,9,3
1869,13,13
1870,5,5
1871,7,7
1872,9,9
1873,11,11
1874,9,9
1875,13,13
1876,13,11
1877,13,11
1878,6,7
1879,7,3
1880,13,13
1881,5,5
1882,9,9
1883,7,7
1884,10,10
1885,8,8
1886,9,9
1887,9,2
1888,5,5
1889,13,13
1890,5,5
1891,14,14
1892,10,9
1893,4,7
1894,14,14
1895,5,5
1896,6,13
1897,6,1
1898,11,2
1899,12,12
1900,5,5
1901,5,5
1902,7,7
1903,5,5
1904,7,5
1905,5,5
1906,2,2
1907,5,5
1908,5,5
1909,2,2
1910,6,6
1911,5,5
1912,5,5
1913,10,11
1914,5,5
1915,6,6
1916,5,13
1917,5,5
1918,4,5
1919,5,5
1920,7,7
1921,13,13
1922,5,5
1923,13,13
1924,13,13
1925,1,1
1926,13,13
1927,6,6
1928,13,13
1929,13,13
1930,6,7
1931,13,13
1932,13,13
1933,5,5
1934,12,12
1935,13,13
1936,10,10
1937,2,2
1938,6,1
1939,11,11
1940,5,5
1941,6,7
1942,8,8
1943,5,5
1944,8,8
1945,5,5
1946,6,13
1947,13,13
1948,8,8
1949,14,5
1950,6,6
1951,13,13
1952,1,1
1953,6,1
1954,12,12
1955,11,11
1956,5,5
1957,12,12
1958,1,1
1959,7,7
1960,6,1
1961,8,8
1962,6,1
1963,10,11
1964,13,13
1965,13,13
1966,2,2
1967,13,13
1968,4,4
1969,12,13
1970,6,1
1971,9,9
1972,10,2
1973,6,6
1974,12,12
1975,12,12
1976,5,5
1977,13,13
1978,13,13
1979,5,5
1980,8,8
1981,7,7
1982,14,14
1983,10,10
1984,1,1
1985,2,2
1986,7,7
1987,1,1
1988,5,5
1989,11,11
1990,10,11
1991,7,7
1992,10,11
1993,13,13
1994,4,4
1995,5,5
1996,13,13
1997,2,2
1998,6,1
1999,13,13
2000,5,5
2001,13,13
2002,5,5
2003,6,6
2004,3,3
2005,6,6
2006,13,13
2007,11,11
2008,6,14
2009,13,13
2010,11,11
2011,6,6
2012,5,5
2013,9,5
2014,6,14
2015,7,7
2016,5,5
2017,2,1
2018,2,2
2019,6,7
2020,4,5
2021,4,5
2022,6,13
2023,13,13
2024,7,7
2025,11,11
2026,1,1
2027,6,13
2028,1,1
2029,10,10
2030,8,5
2031,11,10
2032,2,2
2033,7,7
2034,5,5
2035,13,13
2036,11,11
2037,12,6
2038,8,4
2039,9,9
2040,10,10
2041,11,11
2042,13,5
2043,10,10
2044,5,5
2045,6,6
2046,13,13
2047,1,1
2048,13,13
2049,5,5
2050,5,5
2051,9,9
2052,6,6
2053,7,7
2054,6,13
2055,13,13
2056,14,14
2057,3,3
2058,6,1
2059,13,1
2060,13,13
2061,7,7
2062,13,13
2063,10,4
2064,12,12
2065,7,7
2066,7,8
2067,6,13
2068,7,7
2069,7,7
2070,14,9
2071,7,7
2072,7,7
2073,12,12
2074,12,13
2075,6,5
2076,6,13
2077,4,13
2078,6,5
2079,11,1
2080,1,11
2081,6,6
2082,6,11
2083,6,2
2084,3,3
2085,4,4
2086,5,5
2087,13,13
2088,6,7
2089,7,5
2090,8,5
2091,6,6
2092,2,2
2093,5,5
2094,5,6
2095,3,3
2096,10,10
2097,14,14
2098,1,1
2099,13,13
2100,13,13
2101,13,13
2102,1,1
2103,2,2
2104,7,7
2105,6,11
2106,7,7
2107,13,13
2108,6,6
2109,6,1
2110,7,7
2111,1,1
2112,13,13
2113,13,13
2114,9,6
2115,5,5
2116,13,13
2117,13,12
2118,9,9
2119,5,5
2120,7,7
2121,2,2
2122,5,5
2123,13,13
2124,7,7
2125,1,1
2126,7,7
2127,6,13
2128,4,11
2129,9,9
2130,14,14
2131,12,11
2132,13,13
2133,13,13
2134,6,6
2135,8,8
2136,11,11
2137,13,13
2138,9,9
2139,12,12
2140,9,9
2141,6,6
2142,13,13
2143,11,11
2144,12,12
2145,13,12
2146,1,1
2147,1,2
2148,11,11
2149,1,1
2150,13,13
2151,5,7
2152,13,13
2153,13,13
2154,3,3
2155,6,5
2156,1,1
2157,9,9
2158,3,3
2159,5,5
2160,6,13
2161,13,13
2162,1,1
2163,8,8
2164,13,13
2165,6,11
2166,13,13
2167,9,7
2168,14,13
2169,3,12
2170,1,13
2171,14,14
2172,5,5
2173,4,4
2174,12,12
2175,11,2
2176,2,2
2177,11,11
2178,13,13
2179,13,13
2180,11,11
2181,6,5
2182,6,13
2183,11,11
2184,1,1
2185,9,9
2186,4,3
2187,6,10
2188,11,11
2189,7,7
2190,2,2
2191,12,12
2192,1,1
2193,13,13
2194,1,1
2195,3,7
2196,11,11
2197,9,9
2198,2,13
2199,10,10
2200,11,11
2201,11,11
2202,13,13
2203,9,7
2204,2,2
2205,10,13
2206,5,5
2207,11,11
2208,13,13
2209,6,6
2210,2,14
2211,13,13
2212,11,11
2213,13,13
2214,13,13
2215,6,6
2216,13,13
2217,5,5
2218,7,7
2219,5,5
2220,6,6
2221,2,2
2222,10,10
2223,13,13
2224,11,11
2225,1,1
2226,7,8
2227,13,13
2228,1,5
2229,10,10
2230,1,6
2231,2,2
2232,10,5
2233,13,13
2234,6,6
2235,13,13
2236,12,12
2237,6,6
2238,9,9
2239,6,6
2240,12,12
2241,8,6
2242,3,3
2243,5,5
2244,12,12
2245,14,14
2246,4,4
2247,7,7
2248,13,13
2249,6,1
2250,1,1
2251,10,10
2252,7,7
2253,7,7
2254,6,13
2255,7,7
2256,6,7
2257,11,11
2258,1,1
2259,13,1
2260,10,10
2261,1,1
2262,6,6
2263,5,5
2264,7,7
2265,11,11
2266,11,11
2267,13,13
2268,5,5
2269,6,6
2270,5,5
2271,1,1
2272,12,12
2273,6,12
2274,14,14
2275,12,12
2276,7,7
2277,2,6
2278,5,5
2279,14,14
2280,13,13
2281,3,4
2282,5,9
2283,9,9
2284,6,1
2285,1,1
2286,9,9
2287,1,1
2288,12,12
2289,5,5
2290,5,5
2291,7,7
2292,2,2
2293,11,11
2294,10,11
2295,6,1
2296,3,11
2297,14,14
2298,1,1
2299,13,13
2300,6,13
2301,2,1
2302,13,13
2303,13,13
2304,5,5
2305,5,5
2306,11,11
2307,3,3
2308,1,1
2309,13,13
2310,9,9
2311,6,7
2312,6,6
2313,12,12
2314,5,5
2315,13,13
2316,12,12
2317,1,1
2318,7,7
2319,5,5
2320,13,13
2321,5,5
2322,11,12
2323,5,5
2324,7,7
2325,6,1
2326,6,6
2327,1,14
2328,8,5
2329,10,10
2330,14,14
2331,14,14
2332,11,11
2333,5,5
2334,6,5
2335,13,13
2336,5,5
2337,6,6
2338,1,1
2339,6,6
2340,4,2
2341,1,1
2342,6,6
2343,5,5
2344,5,5
2345,6,5
2346,7,7
2347,6,6
2348,7,11
2349,2,9
2350,11,7
2351,9,9
2352,7,7
2353,3,3
2354,5,5
2355,8,8
2356,13,13
2357,5,5
2358,11,11
2359,6,6
2360,3,3
2361,11,5
2362,13,13
2363,14,14
2364,13,13
2365,6,6
2366,10,10
2367,11,11
2368,11,11
2369,10,10
2370,9,9
2371,5,5
2372,6,6
2373,6,14
2374,6,7
2375,13,13
2376,13,13
2377,6,2
2378,1,1
2379,13,12
2380,5,11
2381,10,10
2382,12,12
2383,5,14
2384,13,13
2385,12,12
2386,13,8
2387,7,7
2388,1,1
2389,11,6
2390,3,7
2391,6,6
2392,10,10
2393,11,14
2394,5,5
2395,11,11
2396,13,13
2397,13,13
2398,5,5
2399,10,10
2400,13,13
2401,5,5
2402,13,4
2403,5,5
2404,13,13
2405,11,2
2406,11,4
2407,7,1
2408,13,13
2409,4,13
2410,5,5
2411,11,11
2412,9,9
2413,10,10
2414,13,13
2415,1,1
2416,10,9
2417,8,8
2418,12,12
2419,13,13
2420,7,7
2421,13,13
2422,13,13
2423,7,7
2424,10,5
2425,12,13
2426,13,13
2427,5,5
2428,6,1
2429,5,5
2430,9,2
2431,14,14
2432,8,5
2433,10,10
2434,5,7
2435,13,13
2436,7,7
2437,10,10
2438,3,7
2439,13,13
2440,7,7
2441,5,13
2442,6,8
2443,1,1
2444,14,6
2445,10,11
2446,6,7
2447,1,9
2448,6,5
2449,5,5
2450,10,10
2451,7,7
2452,7,7
2453,10,7
2454,13,13
2455,6,5
2456,6,9
2457,2,2
2458,10,1
2459,7,5
2460,8,8
2461,13,13
2462,1,1
2463,10,10
2464,7,7
2465,5,5
2466,9,9
2467,5,5
2468,5,5
2469,1,1
2470,8,8
2471,3,3
2472,1,1
2473,13,13
2474,6,6
2475,7,7
2476,13,13
2477,13,13
2478,13,13
2479,11,3
2480,5,5
2481,9,9
2482,5,3
2483,6,6
2484,6,6
2485,11,11
2486,5,5
2487,13,13
2488,5,5
2489,13,13
2490,7,8
2491,6,6
2492,6,6
2493,1,1
2494,6,5
2495,7,7
2496,6,13
2497,12,12
2498,13,13
2499,2,2
2500,2,2
2501,6,13
2502,9,9
2503,7,7
2504,4,14
2505,6,5
2506,5,7
2507,12,12
2508,6,6
2509,8,8
2510,6,6
2511,5,7
2512,4,11
2513,6,1
2514,6,6
2515,1,1
2516,1,1
2517,5,5
2518,7,7
2519,5,5
2520,6,13
2521,2,2
2522,5,5
2523,5,5
2524,12,12
2525,13,13
2526,7,7
2527,10,2
2528,13,13
2529,7,7
2530,8,8
2531,13,13
2532,13,13
2533,13,13
2534,14,14
2535,6,6
2536,13,13
2537,13,13
2538,9,9
2539,6,6
2540,12,12
2541,6,6
2542,13,13
2543,5,5
2544,13,12
2545,13,13
2546,6,6
2547,5,7
2548,13,13
2549,8,8
2550,11,11
2551,6,13
2552,13,13
2553,1,1
2554,6,2
2555,1,1
2556,11,11
2557,6,6
2558,13,13
2559,7,7
2560,11,13
2561,8,7
2562,11,11
2563,12,12
2564,1,1
2565,11,11
2566,13,6
2567,10,10
2568,1,1
2569,5,5
2570,14,14
2571,13,13
2572,11,11
2573,12,12
2574,3,3
2575,1,1
2576,13,13
2577,5,5
2578,6,1
2579,14,14
2580,6,7
2581,5,5
2582,5,5
2583,9,9
2584,5,5
2585,13,13
2586,6,6
2587,10,2
2588,5,5
2589,2,2
2590,9,9
2591,7,7
2592,5,5
2593,6,6
2594,5,6
2595,6,6
2596,9,9
2597,13,13
2598,13,5
2599,5,5
2600,9,10
2601,12,12
2602,13,12
2603,9,11
2604,10,5
2605,13,13
2606,13,13
2607,13,13
2608,6,13
2609,6,1
2610,13,13
2611,4,4
2612,6,6
2613,9,9
2614,5,7
2615,14,14
2616,6,6
2617,1,1
2618,2,5
2619,14,14
2620,9,9
2621,5,5
2622,6,5
2623,6,5
2624,1,1
2625,6,6
2626,3,11
2627,13,13
2628,13,13
2629,1,1
2630,4,5
2631,4,1
2632,9,9
2633,6,6
2634,6,6
2635,5,5
2636,13,13
2637,5,5
2638,13,13
2639,6,13
2640,7,7
2641,7,7
2642,5,5
2643,13,8
2644,9,9
2645,7,7
2646,5,5
2647,13,13
2648,10,10
2649,13,13
2650,7,9
2651,3,6
2652,4,4
2653,1,1
2654,5,5
2655,7,7
2656,9,9
2657,6,13
2658,1,1
2659,5,5
2660,3,3
2661,1,2
2662,11,11
2663,1,1
2664,5,5
2665,9,9
2666,3,3
2667,6,6
2668,10,4
2669,14,14
2670,13,13
2671,6,6
2672,6,6
2673,4,4
2674,11,12
2675,5,5
2676,7,7
2677,1,1
2678,4,5
2679,3,3
2680,5,5
2681,11,5
2682,13,13
2683,11,11
2684,8,8
2685,9,9
2686,6,14
2687,13,13
2688,12,12
2689,5,5
2690,13,13
2691,13,13
2692,13,13
2693,3,3
2694,8,5
2695,6,13
2696,14,14
2697,1,11
2698,10,10
2699,4,4
2700,11,5
2701,14,14
2702,13,13
2703,11,10
2704,1,1
2705,13,13
2706,13,7
2707,7,7
2708,13,13
2709,7,7
2710,14,14
2711,5,5
2712,5,5
2713,13,13
2714,5,5
2715,13,13
2716,2,9
2717,7,7
2718,6,6
2719,13,1
2720,6,6
2721,5,5
2722,5,5
2723,13,13
2724,14,14
2725,14,14
2726,5,1
2727,5,5
2728,5,5
2729,9,9
2730,3,3
2731,1,1
2732,13,13
2733,7,7
2734,5,5
2735,7,7
2736,6,14
2737,5,7
2738,11,14
2739,12,12
2740,6,6
2741,5,5
2742,2,2
2743,3,3
2744,1,4
2745,11,11
2746,4,4
2747,3,3
2748,13,13
2749,5,5
2750,13,13
2751,6,1
2752,11,11
2753,5,9
2754,12,12
2755,6,13
2756,10,10
2757,11,11
2758,10,10
2759,10,11
2760,5,5
2761,10,11
2762,6,6
2763,5,5
2764,6,6
2765,12,12
2766,10,11
2767,1,1
2768,5,5
2769,12,12
2770,13,13
2771,5,5
2772,7,7
2773,9,9
2774,14,14
2775,8,8
2776,4,4
2777,5,5
2778,13,13
2779,9,11
2780,13,13
2781,11,11
2782,4,11
2783,6,5
2784,5,5
2785,1,1
2786,13,13
2787,13,13
2788,3,3
2789,7,10
2790,7,7
2791,13,13
2792,7,7
2793,6,6
2794,6,9
2795,13,13
2796,10,2
2797,6,6
2798,1,1
2799,11,11
2800,5,5
2801,6,13
2802,6,6
2803,9,9
2804,5,5
2805,13,13
2806,1,1
2807,7,7
2808,13,13
2809,3,3
2810,7,7
2811,5,5
2812,2,2
2813,5,5
2814,13,13
2815,7,7
2816,11,12
2817,13,13
2818,13,13
2819,8,8
2820,8,5
2821,7,12
2822,8,7
2823,11,11
2824,13,13
2825,5,5
2826,11,11
2827,5,5
2828,7,7
2829,11,13
2830,10,10
2831,13,13
2832,6,1
2833,7,7
2834,11,11
2835,5,5
2836,6,6
2837,4,4
2838,5,5
2839,11,11
2840,9,9
2841,7,7
2842,6,13
2843,10,10
2844,6,6
2845,12,12
2846,6,1
2847,3,5
2848,7,7
2849,5,5
2850,12,12
2851,12,12
2852,14,14
2853,8,8
2854,7,7
2855,9,7
2856,1,1
2857,6,1
2858,7,11
2859,13,13
2860,1,1
2861,1,1
2862,3,3
2863,2,2
2864,5,13
2865,13,13
2866,3,6
2867,9,9
2868,9,9
2869,5,5
2870,12,12
2871,7,7
2872,13,13
2873,5,5
2874,4,4
2875,7,6
2876,12,11
2877,3,5
2878,4,13
2879,13,13
2880,1,1
2881,12,12
2882,10,10
2883,6,6
2884,9,7
2885,3,8
2886,14,14
2887,8,7
2888,13,13
2889,6,13
2890,4,8
2891,9,11
2892,2,2
2893,5,5
2894,2,2
2895,5,6
2896,11,11
2897,13,13
2898,2,2
2899,2,6
2900,11,11
2901,4,5
2902,4,4
2903,11,11
2904,13,13
2905,5,5
2906,13,13
2907,13,13
2908,5,5
2909,6,10
2910,1,1
2911,5,5
2912,10,3
2913,7,7
2914,14,14
2915,10,10
2916,13,13
2917,13,13
2918,10,10
2919,7,7
2920,12,12
2921,5,5
2922,7,5
2923,5,5
2924,6,6
2925,7,7
2926,11,11
2927,14,14
2928,13,13
2929,13,13
2930,9,11
2931,14,11
2932,5,5
2933,9,9
2934,5,5
2935,14,14
2936,5,5
2937,2,2
2938,5,5
2939,1,1
2940,3,3
2941,12,12
2942,3,3
2943,11,11
2944,6,6
2945,9,9
2946,13,13
2947,9,9
2948,7,14
2949,7,7
2950,9,9
2951,10,5
2952,8,8
2953,9,9
2954,12,12
2955,2,2
2956,3,3
2957,13,13
2958,10,9
2959,13,13
2960,6,13
2961,5,5
2962,1,1
2963,12,12
2964,13,13
2965,14,2
2966,8,8
2967,5,5
2968,11,11
2969,2,14
2970,4,5
2971,1,1
2972,13,5
2973,3,3
2974,6,13
2975,9,9
2976,4,4
2977,6,7
2978,4,4
2979,12,6
2980,2,7
2981,9,9
2982,12,12
2983,13,13
2984,13,13
2985,6,6
2986,12,12
2987,1,1
2988,5,5
2989,9,9
2990,5,5
2991,6,7
2992,13,13
2993,9,9
2994,11,11
2995,7,7
2996,8,7
2997,13,13
2998,10,10
2999,5,5
3000,11,11
3001,6,6
3002,3,3
3003,6,6
3004,7,7
3005,13,13
3006,11,11
3007,11,11
3008,7,7
3009,11,6
3010,13,13
3011,5,5
3012,5,1
3013,6,13
3014,13,13
3015,5,6
3016,5,5
3017,5,5
3018,5,5
3019,12,7
3020,14,14
3021,13,13
3022,13,13
3023,7,7
3024,5,5
3025,11,11
3026,5,5
3027,11,5
3028,3,12
3029,2,2
3030,10,10
3031,11,1
3032,13,13
3033,6,5
3034,12,12
3035,10,10
3036,5,5
3037,11,11
3038,4,13
3039,3,3
3040,1,1
3041,5,5
3042,11,11
3043,5,5
3044,6,6
3045,1,1
3046,13,13
3047,9,9
3048,13,13
3049,4,4
3050,8,8
3051,6,7
3052,4,4
3053,3,3
3054,5,1
3055,6,7
3056,13,13
3057,13,13
3058,7,7
3059,6,6
3060,13,13
3061,11,11
3062,5,5
3063,13,13
3064,2,2
3065,5,1
3066,6,1
3067,6,4
3068,9,10
3069,13,5
3070,12,12
3071,13,12
3072,6,10
3073,1,13
3074,11,5
3075,7,7
3076,5,5
3077,1,1
3078,6,5
3079,12,12
3080,6,6
3081,13,13
3082,13,13
3083,7,7
3084,11,1
3085,8,8
3086,8,8
3087,5,4
3088,13,13
3089,12,12
3090,14,14
3091,6,13
3092,9,9
3093,11,11
3094,13,1
3095,7,7
3096,6,1
3097,13,13
3098,11,11
3099,11,11
3100,14,14
3101,4,5
3102,6,5
3103,1,1
3104,6,6
3105,7,7
3106,13,13
3107,13,13
3108,3,3
3109,13,13
3110,5,5
3111,13,13
3112,7,7
3113,14,14
3114,13,13
3115,13,13
3116,13,13
3117,3,3
3118,7,7
3119,5,5
3120,13,13
3121,13,13
3122,1,7
3123,5,5
3124,2,2
3125,9,9
3126,3,12
3127,12,13
3128,7,5
3129,1,1
3130,1,1
3131,11,11
3132,7,7
3133,3,3
3134,5,5
3135,12,13
3136,6,6
3137,11,7
3138,13,13
3139,3,3
3140,13,11
3141,8,10
3142,6,6
3143,8,8
3144,6,7
3145,4,5
3146,6,6
3147,8,8
3148,8,8
3149,5,5
3150,6,6
3151,5,5
3152,13,4
3153,5,5
3154,5,5
3155,5,5
3156,12,12
3157,5,5
3158,11,11
3159,13,13
3160,10,10
3161,7,7
3162,6,6
3163,9,9
3164,10,10
3165,11,8
3166,6,13
3167,6,6
3168,8,8
3169,13,13
3170,6,6
3171,12,12
3172,4,4
3173,13,13
3174,11,11
3175,6,8
3176,13,13
3177,9,2
3178,1,1
3179,2,2
3180,4,5
3181,2,3
3182,9,8
3183,13,13
3184,2,2
3185,10,10
3186,5,5
3187,5,6
3188,13,13
3189,5,5
3190,12,12
3191,13,11
3192,1,6
3193,9,2
3194,12,12
3195,6,6
3196,11,11
3197,2,11
3198,7,7
3199,5,5
3200,9,9
3201,5,5
3202,6,9
3203,2,10
3204,11,11
3205,2,2
3206,10,11
3207,6,14
3208,13,13
3209,3,11
3210,7,5
3211,10,10
3212,8,7
3213,11,11
3214,8,8
3215,7,7
3216,7,6
3217,13,13
3218,8,8
3219,13,13
3220,13,13
3221,12,12
3222,13,13
3223,13,13
3224,3,9
3225,5,5
3226,5,5
3227,6,6
3228,13,12
3229,13,13
3230,11,11
3231,9,9
3232,7,7
3233,9,13
3234,14,14
3235,7,8
3236,11,13
3237,5,5
3238,7,8
3239,13,13
3240,13,13
3241,6,6
3242,13,13
3243,5,5
3244,2,2
3245,13,13
3246,11,11
3247,13,13
3248,13,13
3249,13,13
3250,9,9
3251,11,11
3252,10,11
3253,13,13
3254,1,1
3255,4,13
3256,13,13
3257,10,9
3258,6,6
3259,9,9
3260,11,11
3261,13,13
3262,4,8
3263,1,11
3264,11,10
3265,13,13
3266,1,1
3267,7,8
3268,11,6
3269,6,6
3270,4,4
3271,6,6
3272,13,13
3273,13,13
3274,11,11
3275,6,7
3276,10,10
3277,11,11
3278,11,11
3279,6,13
3280,1,1
3281,5,7
3282,4,11
3283,6,8
3284,5,5
3285,2,1
3286,14,14
3287,13,13
3288,5,5
3289,5,5
3290,13,13
3291,11,11
3292,8,9
3293,1,1
3294,6,7
3295,13,13
3296,14,14
3297,13,13
3298,13,13
3299,8,8
3300,3,3
3301,5,1
3302,3,3
3303,7,8
3304,4,4
3305,13,13
3306,3,3
3307,6,1
3308,1,1
3309,5,14
3310,11,11
3311,14,1
3312,7,7
3313,5,5
3314,14,14
3315,13,13
3316,6,13
3317,4,5
3318,12,12
3319,2,2
3320,5,5
3321,4,4
3322,1,1
3323,3,3
3324,5,5
3325,3,3
3326,11,11
3327,1,1
3328,7,7
3329,9,2
3330,7,7
3331,4,5
3332,5,5
3333,6,5
3334,6,8
3335,13,13
3336,13,13
3337,6,6
3338,7,7
3339,8,8
3340,13,13
3341,5,4
3342,1,1
3343,5,5
3344,12,12
3345,5,5
3346,13,13
3347,2,8
3348,10,10
3349,1,1
3350,11,7
3351,11,11
3352,5,5
3353,6,1
3354,12,13
3355,1,1
3356,5,5
3357,13,13
3358,1,1
3359,5,12
3360,5,5
3361,1,1
3362,13,13
3363,6,6
3364,10,13
3365,11,11
3366,6,6
3367,6,3
3368,11,11
3369,13,13
3370,13,13
3371,5,9
3372,5,5
3373,6,6
3374,5,5
3375,13,13
3376,12,12
3377,6,6
3378,6,6
3379,13,13
3380,1,1
3381,7,7
3382,7,7
3383,13,13
3384,5,5
3385,9,9
3386,2,2
3387,13,13
3388,7,7
3389,11,11
3390,3,3
3391,13,13
3392,10,7
3393,7,7
3394,11,11
3395,11,11
3396,5,5
3397,7,7
3398,4,11
3399,6,6
3400,11,11
3401,5,5
3402,1,7
3403,1,1
3404,7,7
3405,13,13
3406,13,13
3407,13,13
3408,4,4
3409,13,13
3410,4,4
3411,7,7
3412,6,6
3413,1,13
3414,1,1
3415,12,12
3416,10,10
3417,1,1
3418,13,5
3419,11,11
3420,7,6
3421,11,11
3422,11,11
3423,7,7
3424,13,13
3425,6,5
3426,13,13
3427,7,5
3428,7,7
3429,9,3
3430,7,7
3431,7,7
3432,10,11
3433,5,5
3434,5,7
3435,5,4
3436,5,5
3437,6,6
3438,2,14
3439,5,5
3440,5,5
3441,1,1
3442,13,13
3443,5,5
3444,7,7
3445,11,12
3446,1,9
3447,6,5
3448,9,9
3449,13,13
3450,13,13
3451,11,11
3452,4,5
3453,10,5
3454,1,1
3455,7,7
3456,1,1
3457,5,5
3458,7,11
3459,13,13
3460,6,7
3461,5,5
3462,14,14
3463,3,3
3464,13,13
3465,6,6
3466,6,5
3467,5,5
3468,14,14
3469,8,11
3470,5,5
3471,13,13
3472,11,10
3473,6,5
3474,10,10
3475,6,6
3476,2,2
3477,12,12
3478,2,1
3479,5,5
3480,13,13
3481,13,13
3482,7,7
3483,10,1
3484,5,5
3485,9,9
3486,6,1
3487,13,13
3488,13,12
3489,11,10
3490,3,3
3491,2,2
3492,5,5
3493,13,13
3494,13,13
3495,5,5
3496,11,11
3497,5,5
3498,5,5
3499,14,8
3500,10,10
3501,14,14
3502,13,13
3503,12,12
3504,7,5
3505,4,5
3506,5,5
3507,13,13
3508,14,14
3509,12,12
3510,13,13
3511,5,5
3512,10,11
3513,13,13
3514,13,13
3515,6,6
3516,13,13
3517,13,13
3518,5,5
3519,14,14
3520,11,12
3521,5,5
3522,2,2
3523,5,7
3524,6,6
3525,12,12
3526,5,5
3527,2,2
3528,5,4
3529,9,9
3530,13,13
3531,10,10
3532,5,5
3533,13,9
3534,1,1
3535,14,14
3536,10,2
3537,12,8
3538,8,8
3539,14,14
3540,11,11
3541,1,1
3542,1,11
3543,13,13
3544,4,5
3545,3,3
3546,9,5
3547,5,5
3548,6,6
3549,10,11
3550,13,13
3551,13,1
3552,8,8
3553,11,14
3554,6,6
3555,10,10
3556,10,9
3557,13,13
3558,11,11
3559,5,5
3560,8,8
3561,1,1
3562,7,7
3563,6,2
3564,6,12
3565,2,2
3566,13,13
3567,10,14
3568,3,3
3569,5,5
3570,10,10
3571,7,7
3572,5,5
3573,1,1
3574,9,9
3575,5,5
3576,13,13
3577,13,13
3578,6,2
3579,13,13
3580,7,7
3581,5,5
3582,11,11
3583,2,2
3584,11,11
3585,14,2
3586,6,6
3587,4,4
3588,11,11
3589,5,14
3590,9,9
3591,12,12
3592,10,10
3593,5,5
3594,12,12
3595,11,11
3596,6,5
3597,3,3
3598,6,14
3599,13,13
3600,13,13
3601,2,2
3602,6,6
3603,6,1
3604,3,8
3605,13,13
3606,6,7
3607,13,13
3608,12,12
3609,5,5
3610,1,1
3611,4,5
3612,5,4
3613,4,4
3614,13,13
3615,1,1
3616,7,7
3617,4,13
3618,7,7
3619,13,13
3620,6,6
3621,12,12
3622,8,8
3623,14,14
3624,13,13
3625,11,11
3626,5,5
3627,5,5
3628,3,4
3629,11,11
3630,13,13
3631,13,13
3632,13,13
3633,6,7
3634,5,4
3635,10,11
3636,11,11
3637,1,1
3638,9,9
3639,11,11
3640,1,1
3641,13,13
3642,12,12
3643,12,11
3644,11,6
3645,13,13
3646,12,12
3647,6,5
3648,13,13
3649,13,13
3650,7,7
3651,11,11
3652,3,3
3653,7,7
3654,6,6
3655,8,8
3656,9,9
3657,13,13
3658,9,9
3659,6,6
3660,13,13
3661,12,6
3662,13,13
3663,13,13
3664,12,12
3665,11,11
3666,4,4
3667,1,1
3668,5,5
3669,14,14
3670,12,12
3671,4,4
3672,6,6
3673,6,5
3674,13,13
3675,3,3
3676,8,8
3677,6,6
3678,13,13
3679,2,2
3680,2,2
3681,13,5
3682,14,6
3683,10,10
3684,13,13
3685,5,5
3686,2,2
3687,5,5
3688,13,13
3689,9,9
3690,6,6
3691,3,11
3692,4,4
3693,13,13
3694,6,6
3695,11,6
3696,4,4
3697,12,11
3698,6,6
3699,7,7
3700,6,14
3701,4,6
3702,7,7
3703,11,11
3704,1,1
3705,6,6
3706,8,8
3707,13,13
3708,5,5
3709,11,10
3710,4,4
3711,7,7
3712,2,2
3713,9,9
3714,13,13
3715,7,7
3716,11,11
3717,6,14
3718,13,13
3719,7,7
3720,14,14
3721,10,2
3722,13,13
3723,5,5
3724,12,12
3725,1,1
3726,10,5
3727,4,4
3728,5,5
3729,5,5
3730,5,5
3731,11,11
3732,5,11
3733,7,5
3734,10,5
3735,6,2
3736,10,5
3737,13,13
3738,4,12
3739,3,3
3740,7,1
3741,10,5
3742,13,7
3743,6,7
3744,7,7
3745,13,13
3746,5,5
3747,5,5
3748,9,9
3749,1,1
3750,13,13
3751,5,5
3752,5,5
3753,5,5
3754,13,13
3755,7,7
3756,13,13
3757,14,1
3758,8,8
3759,14,14
3760,9,11
3761,12,12
3762,6,2
3763,8,11
3764,10,10
3765,13,13
3766,1,1
3767,5,5
3768,9,9
3769,13,12
3770,13,13
3771,13,13
3772,12,12
3773,13,13
3774,13,13
3775,11,11
3776,9,9
3777,14,14
3778,8,8
3779,7,7
3780,2,2
3781,5,5
3782,13,13
3783,8,8
3784,5,5
3785,12,12
3786,1,5
3787,7,7
3788,5,5
3789,1,1
3790,9,9
3791,6,11
3792,10,10
3793,10,1
3794,1,11
3795,13,13
3796,11,11
3797,7,8
3798,11,11
3799,2,2
3800,13,14
3801,6,14
3802,3,3
3803,11,11
3804,1,11
3805,7,7
3806,12,12
3807,6,7
3808,11,11
3809,4,5
3810,13,5
3811,1,1
3812,13,13
3813,5,5
3814,1,1
3815,6,6
3816,6,6
3817,6,6
3818,10,10
3819,14,14
3820,9,9
3821,11,11
3822,7,7
3823,11,6
3824,1,1
3825,13,5
3826,10,11
3827,1,1
3828,8,8
3829,5,5
3830,10,10
3831,13,5
3832,6,7
3833,5,5
3834,13,13
3835,12,12
3836,5,5
3837,4,4
3838,5,5
3839,3,3
3840,13,13
3841,5,5
3842,12,12
3843,9,9
3844,13,13
3845,1,1
3846,13,13
3847,6,5
3848,13,13
3849,11,11
3850,12,12
3851,10,11
3852,1,1
3853,14,14
3854,6,13
3855,4,11
3856,2,2
3857,11,11
3858,6,9
3859,4,13
3860,1,1
3861,3,3
3862,7,6
3863,6,6
3864,3,11
3865,1,1
3866,3,3
3867,8,8
3868,7,7
3869,5,5
3870,5,5
3871,4,7
3872,11,11
3873,13,13
3874,13,6
3875,7,7
3876,8,8
3877,5,5
3878,13,13
3879,1,13
3880,13,13
3881,7,4
3882,13,13
3883,14,14
3884,13,13
3885,5,5
3886,10,10
3887,5,5
3888,12,13
3889,12,12
3890,14,14
3891,13,13
3892,13,13
3893,11,11
3894,11,10
3895,5,5
3896,11,11
3897,2,2
3898,5,5
3899,14,7
3900,5,5
3901,13,13
3902,11,11
3903,13,13
3904,5,5
3905,14,14
3906,5,5
3907,5,5
3908,7,7
3909,11,6
3910,13,13
3911,6,6
3912,4,4
3913,6,6
3914,13,13
3915,14,14
3916,13,13
3917,13,13
3918,10,10
3919,6,13
3920,5,5
3921,7,7
3922,1,1
3923,13,13
3924,13,13
3925,11,11
3926,4,10
3927,13,13
3928,13,13
3929,6,14
3930,12,12
3931,7,7
3932,14,14
3933,6,11
3934,11,11
3935,11,11
3936,12,12
3937,5,5
3938,13,13
3939,13,13
3940,2,2
3941,10,9
3942,6,6
3943,6,13
3944,10,1
3945,7,7
3946,14,14
3947,2,2
3948,11,11
3949,5,5
3950,13,13
3951,13,13
3952,10,5
3953,5,5
3954,13,13
3955,5,5
3956,6,6
3957,7,7
3958,14,14
3959,4,5
3960,13,13
3961,6,6
3962,5,11
3963,13,13
3964,5,5
3965,12,3
3966,2,11
3967,3,3
3968,7,7
3969,13,13
3970,6,5
3971,11,11
3972,9,5
3973,5,4
3974,8,8
3975,6,6
3976,4,13
3977,5,5
3978,13,13
3979,10,5
3980,1,1
3981,13,13
3982,3,3
3983,6,11
3984,5,5
3985,13,13
3986,13,1
3987,3,11
3988,13,13
3989,5,5
3990,13,13
3991,7,7
3992,14,5
3993,8,8
3994,12,11
3995,5,5
3996,5,5
3997,1,1
3998,7,7
3999,13,1
4000,13,13
4001,5,13
4002,3,3
4003,14,14
4004,1,1
4005,11,7
4006,13,13
4007,6,6
4008,6,6
4009,2,2
4010,13,13
4011,6,6
4012,5,5
4013,12,12
4014,11,11
4015,5,5
4016,13,13
4017,13,13
4018,12,12
4019,13,13
4020,8,14
4021,7,7
4022,5,6
4023,11,11
4024,13,13
4025,5,5
4026,6,6
4027,10,1
4028,7,7
4029,13,11
4030,13,3
4031,10,2
4032,11,11
4033,13,5
4034,12,12
4035,1,1
4036,6,5
4037,9,9
4038,5,5
4039,5,5
4040,10,10
4041,12,12
4042,10,10
4043,11,11
4044,4,5
4045,6,6
4046,13,13
4047,10,10
4048,13,13
4049,13,13
4050,2,2
4051,5,5
4052,9,6
4053,13,13
4054,1,1
4055,1,3
4056,5,5
4057,13,13
4058,1,1
4059,3,11
4060,5,5
4061,12,12
4062,13,1
4063,7,7
4064,5,5
4065,13,13
4066,13,13
4067,13,13
4068,6,6
4069,3,3
4070,13,13
4071,6,13
4072,10,10
4073,5,5
4074,6,6
4075,6,1
4076,2,2
4077,7,9
4078,13,13
4079,12,12
4080,6,6
4081,4,4
4082,12,12
4083,3,3
4084,12,13
4085,13,13
4086,7,5
4087,5,5
4088,13,13
4089,7,13
4090,12,12
4091,13,13
4092,10,1
4093,3,5
4094,5,4
4095,14,14
4096,14,6
4097,5,5
4098,3,3
4099,1,1
4100,1,1
4101,14,14
4102,5,5
4103,13,13
4104,8,8
4105,6,13
4106,7,7
4107,10,10
4108,1,1
4109,14,13
4110,13,13
4111,8,8
4112,6,6
4113,6,9
4114,6,8
4115,11,11
4116,5,10
4117,6,7
4118,10,10
4119,13,13
4120,3,3
4121,5,5
4122,8,8
4123,7,7
4124,12,12
4125,9,10
4126,7,7
4127,14,14
4128,4,4
4129,7,5
4130,13,13
4131,5,5
4132,7,7
4133,11,9
4134,7,7
4135,7,7
4136,6,5
4137,6,5
4138,5,5
4139,11,11
4140,13,13
4141,14,14
4142,10,10
4143,5,5
4144,14,14
4145,5,5
4146,5,6
4147,11,13
4148,13,10
4149,9,9
4150,7,5
4151,4,5
4152,5,5
4153,14,14
4154,2,2
4155,1,1
4156,6,13
4157,10,10
4158,1,1
4159,11,11
4160,6,6
4161,6,6
4162,8,8
4163,6,6
4164,5,5
4165,5,5
4166,10,11
4167,12,12
4168,12,13
4169,13,13
4170,6,6
4171,13,13
4172,5,5
4173,14,14
4174,13,13
4175,13,13
4176,5,5
4177,6,12
4178,14,14
4179,12,12
4180,14,14
4181,6,1
4182,4,5
4183,4,4
4184,12,13
4185,1,1
4186,13,13
4187,13,13
4188,5,5
4189,8,8
4190,13,13
4191,13,13
4192,5,5
4193,3,3
4194,5,5
4195,11,11
4196,5,5
4197,13,13
4198,13,13
4199,10,10
4200,9,6
4201,10,10
4202,5,5
4203,13,13
4204,7,5
4205,5,5
4206,1,1
4207,11,11
4208,2,2
4209,8,8
4210,13,13
4211,5,5
4212,10,11
4213,5,5
4214,13,13
4215,13,13
4216,12,12
4217,5,5
4218,5,5
4219,7,7
4220,10,7
4221,12,12
4222,8,8
4223,7,7
4224,9,9
4225,13,13
4226,6,5
4227,5,5
4228,5,5
4229,2,5
4230,10,9
4231,5,5
4232,6,13
4233,1,1
4234,13,13
4235,13,13
4236,11,11
4237,10,10
4238,5,5
4239,13,13
4240,11,11
4241,6,6
4242,9,9
4243,7,5
4244,13,13
4245,13,13
4246,6,6
4247,5,5
4248,5,5
4249,6,6
4250,13,13
4251,11,11
4252,4,12
4253,3,4
4254,5,5
4255,7,7
4256,6,6
4257,1,1
4258,2,1
4259,7,7
4260,13,13
4261,13,13
4262,13,6
4263,4,4
4264,5,5
4265,13,13
4266,13,13
4267,1,1
4268,9,9
4269,5,5
4270,7,8
4271,2,2
4272,8,8
4273,5,5
4274,7,7
4275,4,4
4276,13,1
4277,13,5
4278,6,10
4279,1,1
4280,2,2
4281,6,13
4282,6,6
4283,1,1
4284,11,11
4285,11,11
4286,13,13
4287,6,6
4288,11,12
4289,14,13
4290,13,13
4291,6,7
4292,7,7
4293,6,6
4294,1,1
4295,13,13
4296,9,9
4297,10,3
4298,14,14
4299,9,9
4300,8,13
4301,14,14
4302,13,13
4303,9,6
4304,5,5
4305,1,1
4306,5,5
4307,13,13
4308,5,5
4309,7,7
4310,2,2
4311,1,1
4312,13,13
4313,13,13
4314,5,5
4315,13,13
4316,6,6
4317,10,11
4318,13,13
4319,5,5
4320,13,13
4321,9,11
4322,12,13
4323,9,13
4324,11,11
4325,6,5
4326,1,1
4327,7,7
4328,7,7
4329,14,1
4330,9,9
4331,3,3
4332,13,13
4333,7,13
4334,6,6
4335,14,14
4336,13,13
4337,12,12
4338,13,13
4339,9,2
4340,10,13
4341,10,10
4342,12,12
4343,10,9
4344,1,1
4345,12,12
4346,13,6
4347,7,7
4348,7,7
4349,14,14
4350,5,5
4351,13,13
4352,14,6
4353,14,14
4354,9,10
4355,13,13
4356,1,1
4357,2,8
4358,6,8
4359,10,5
4360,6,6
4361,5,5
4362,8,8
4363,12,12
4364,5,5
4365,6,10
4366,6,1
4367,4,4
4368,5,5
4369,5,1
4370,6,6
4371,11,5
4372,5,5
4373,6,1
4374,11,11
4375,13,13
4376,6,8
4377,9,9
4378,12,12
4379,3,3
4380,9,13
4381,3,3
4382,9,9
4383,13,13
4384,13,13
4385,11,14
4386,14,14
4387,6,13
4388,8,8
4389,2,2
4390,3,10
4391,3,6
4392,13,3
4393,6,6
4394,2,2
4395,1,1
4396,1,1
4397,13,13
4398,1,1
4399,11,11
4400,1,1
4401,8,8
4402,7,7
4403,9,14
4404,13,13
4405,5,5
4406,8,8
4407,11,11
4408,10,5
4409,12,12
4410,9,9
4411,11,11
4412,3,3
4413,5,5
4414,11,10
4415,13,13
4416,2,2
4417,12,12
4418,7,7
4419,9,9
4420,8,12
4421,13,13
4422,1,1
4423,13,13
4424,8,8
4425,14,14
4426,4,4
4427,5,10
4428,8,7
4429,5,5
4430,13,13
4431,13,13
4432,10,6
4433,7,7
4434,6,5
4435,6,7
4436,12,12
4437,8,8
4438,11,12
4439,13,13
4440,5,5
4441,4,4
4442,5,5
4443,4,4
4444,7,7
4445,1,1
4446,2,2
4447,7,7
4448,14,14
4449,13,13
4450,1,1
4451,10,11
4452,10,10
4453,14,14
4454,13,13
4455,2,2
4456,1,1
4457,12,12
4458,13,13
4459,1,1
4460,11,11
4461,5,5
4462,5,4
4463,2,1
4464,2,2
4465,13,13
4466,6,6
4467,13,13
4468,11,11
4469,14,14
4470,5,5
4471,5,5
4472,11,13
4473,9,5
4474,12,11
4475,6,5
4476,13,13
4477,11,11
4478,3,7
4479,5,5
4480,5,5
4481,11,12
4482,6,6
4483,7,7
4484,12,12
4485,1,1
4486,6,6
4487,12,14
4488,13,13
4489,6,6
4490,12,12
4491,7,7
4492,10,10
4493,9,9
4494,8,8
4495,12,13
4496,13,13
4497,13,13
4498,5,5
4499,6,10
4500,13,13
4501,6,13
4502,4,10
4503,2,2
4504,13,13
4505,8,8
4506,10,1
4507,14,14
4508,11,11
4509,9,13
4510,3,3
4511,2,2
4512,2,2
4513,3,1
4514,5,5
4515,7,8
4516,7,7
4517,5,5
4518,1,1
4519,13,13
4520,11,11
4521,3,3
4522,5,5
4523,13,13
4524,13,13
4525,3,11
4526,6,9
4527,13,13
4528,5,5
4529,5,7
4530,7,7
4531,10,10
4532,6,6
4533,5,5
4534,13,13
4535,3,3
4536,14,14
4537,2,9
4538,14,8
4539,2,2
4540,7,7
4541,7,7
4542,6,13
4543,2,2
4544,12,13
4545,6,6
4546,13,7
4547,6,6
4548,1,5
4549,5,1
4550,13,13
4551,7,8
4552,9,9
4553,12,12
4554,5,5
4555,14,8
4556,1,1
4557,12,13
4558,13,13
4559,4,4
4560,11,11
4561,5,5
4562,7,7
4563,11,11
4564,7,7
4565,9,1
4566,11,11
4567,7,12
4568,5,5
4569,5,5
4570,10,10
4571,6,4
4572,5,5
4573,5,6
4574,10,10
4575,6,6
4576,13,13
4577,12,12
4578,5,9
4579,6,13
4580,12,11
4581,6,6
4582,5,5
4583,13,13
4584,6,8
4585,11,11
4586,9,9
4587,5,5
4588,5,5
4589,7,10
4590,13,13
4591,1,1
4592,11,11
4593,1,1
4594,7,5
4595,7,7
4596,13,13
4597,10,5
4598,4,13
4599,5,5
4600,13,6
4601,2,2
4602,8,7
4603,10,10
4604,13,13
4605,12,11
4606,13,13
4607,14,14
4608,13,13
4609,13,13
4610,4,3
4611,8,7
4612,7,7
4613,5,5
4614,7,7
4615,13,13
4616,7,7
4617,3,3
4618,11,12
4619,13,13
4620,6,5
4621,1,1
4622,13,13
4623,5,5
4624,6,6
4625,6,5
4626,7,7
4627,8,8
4628,14,14
4629,13,5
4630,7,7
4631,3,3
4632,7,7
4633,3,5
4634,7,7
4635,13,13
4636,1,1
4637,6,1
4638,6,6
4639,6,6
4640,13,13
4641,13,13
4642,14,14
4643,9,9
4644,13,13
4645,5,13
4646,1,1
4647,13,13
4648,12,12
4649,11,9
4650,13,5
4651,10,10
4652,13,13
4653,3,3
4654,7,7
4655,13,13
4656,13,13
4657,11,11
4658,7,7
4659,1,1
4660,3,3
4661,13,13
4662,14,6
4663,5,5
4664,10,10
4665,11,11
4666,1,14
4667,10,5
4668,12,12
4669,13,13
4670,9,9
4671,10,10
4672,13,11
4673,7,7
4674,6,6
4675,8,8
4676,5,5
4677,13,13
4678,7,7
4679,12,10
4680,6,5
4681,2,2
4682,12,12
4683,13,13
4684,14,14
4685,9,9
4686,6,5
4687,8,8
4688,5,5
4689,12,12
4690,1,1
4691,14,13
4692,8,8
4693,10,10
4694,13,13
4695,10,2
4696,6,6
4697,10,2
4698,5,5
4699,13,6
4700,5,5
4701,3,3
4702,7,7
4703,13,13
4704,9,9
4705,11,11
4706,6,6
4707,7,7
4708,7,7
4709,3,3
4710,9,8
4711,10,12
4712,5,5
4713,7,10
4714,5,5
4715,7,7
4716,9,6
4717,11,6
4718,11,11
4719,9,7
4720,7,7
4721,4,5
4722,11,11
4723,12,13
4724,13,13
4725,5,7
4726,13,13
4727,3,3
4728,4,4
4729,13,13
4730,11,5
4731,6,13
4732,14,14
4733,8,7
4734,13,13
4735,1,1
4736,13,13
4737,8,8
4738,8,8
4739,13,13
4740,5,5
4741,10,5
4742,5,7
4743,13,13
4744,13,13
4745,6,1
4746,13,13
4747,9,9
4748,6,3
4749,1,1
4750,13,13
4751,1,1
4752,9,9
4753,13,13
4754,6,6
4755,13,13
4756,9,9
4757,12,13
4758,7,1
4759,5,5
4760,14,14
4761,11,11
4762,14,14
4763,10,10
4764,13,13
4765,13,13
4766,13,12
4767,5,5
4768,13,13
4769,13,13
4770,6,13
4771,5,5
4772,6,6
4773,1,1
4774,5,5
4775,1,1
4776,9,9
4777,14,14
4778,14,14
4779,4,4
4780,6,1
4781,7,7
4782,5,5
4783,2,2
4784,11,11
4785,6,6
4786,13,13
4787,10,4
4788,9,9
4789,13,11
4790,6,6
4791,12,12
4792,5,5
4793,10,10
4794,13,13
4795,13,13
4796,13,13
4797,7,12
4798,14,14
4799,9,9
4800,5,5
4801,6,6
4802,1,1
4803,6,1
4804,12,3
4805,6,6
4806,5,11
4807,6,1
4808,6,13
4809,5,5
4810,5,5
4811,2,2
4812,2,2
4813,4,5
4814,7,7
4815,1,1
4816,13,13
4817,11,7
4818,10,10
4819,6,6
4820,5,5
4821,4,4
4822,11,11
4823,13,13
4824,5,5
4825,5,5
4826,6,8
4827,6,13
4828,5,5
4829,14,14
4830,9,9
4831,9,9
4832,4,11
4833,7,7
4834,2,6
4835,6,1
4836,5,5
4837,1,1
4838,13,13
4839,13,13
4840,5,5
4841,8,8
4842,13,13
4843,10,9
4844,2,10
4845,10,2
4846,2,2
4847,13,13
4848,5,5
4849,6,7
4850,13,13
4851,13,13
4852,13,13
4853,14,14
4854,6,13
4855,5,11
4856,12,12
4857,5,5
4858,13,13
4859,9,10
4860,6,6
4861,4,4
4862,9,5
4863,11,11
4864,7,7
4865,7,7
4866,7,8
4867,8,8
4868,11,7
4869,5,5
4870,7,7
4871,4,11
4872,7,7
4873,12,12
4874,13,1
4875,13,13
4876,4,6
4877,10,2
4878,6,6
4879,7,7
4880,7,7
4881,14,1
4882,9,9
4883,9,9
4884,7,7
4885,13,13
4886,12,5
4887,5,5
4888,2,2
4889,2,7
4890,6,1
4891,7,7
4892,6,11
4893,12,10
4894,13,13
4895,13,13
4896,13,13
4897,7,7
4898,7,7
4899,13,13
4900,9,9
4901,5,5
4902,13,4
4903,5,5
4904,2,5
4905,12,13
4906,5,5
4907,7,7
4908,13,13
4909,5,5
4910,7,7
4911,13,13
4912,13,13
4913,12,12
4914,4,7
4915,4,7
4916,7,4
4917,13,13
4918,13,13
4919,11,11
4920,12,6
4921,5,5
4922,13,13
4923,13,13
4924,13,13
4925,2,11
4926,13,13
4927,5,5
4928,6,13
4929,13,13
4930,1,1
4931,13,13
4932,2,2
4933,11,11
4934,8,8
4935,13,13
4936,13,13
4937,2,2
4938,11,10
4939,10,9
4940,12,5
4941,7,7
4942,1,1
4943,14,14
4944,5,5
4945,8,8
4946,9,11
4947,12,11
4948,13,13
4949,5,5
4950,6,6
4951,14,14
4952,6,6
4953,13,13
4954,9,9
4955,13,13
4956,14,14
4957,12,12
4958,8,8
4959,5,5
4960,13,13
4961,3,1
4962,5,5
4963,6,6
4964,7,11
4965,6,6
4966,4,7
4967,13,5
4968,11,11
4969,7,7
4970,2,2
4971,5,5
4972,13,13
4973,5,5
4974,5,5
4975,9,9
4976,4,4
4977,9,9
4978,7,7
4979,11,5
4980,14,8
4981,4,6
4982,9,9
4983,6,13
4984,6,6
4985,4,5
4986,6,13
4987,7,5
4988,7,7
4989,2,2
4990,13,13
4991,5,5
4992,9,9
4993,5,5
4994,13,13
4995,13,13
4996,14,14
4997,5,5
4998,7,2
4999,11,11
5000,13,13
5001,13,13
5002,12,12
5003,5,5
5004,6,13
5005,7,7
5006,14,14
5007,6,6
5008,2,2
5009,10,5
5010,7,7
5011,13,7
5012,5,5
5013,8,8
5014,13,13
5015,9,6
5016,13,13
5017,13,13
5018,1,6
5019,1,1
5020,13,13
5021,4,5
5022,9,9
5023,10,5
5024,3,3
5025,13,13
5026,9,9
5027,2,2
5028,5,5
5029,5,5
5030,7,7
5031,12,12
5032,13,13
5033,13,5
5034,5,5
5035,6,7
5036,13,13
5037,1,1
5038,13,13
5039,12,12
5040,13,13
5041,12,12
5042,5,5
5043,12,6
5044,5,5
5045,7,7
5046,11,11
5047,5,5
5048,6,6
5049,13,13
5050,13,13
5051,13,5
5052,13,2
5053,3,10
5054,13,5
5055,7,7
5056,5,5
5057,8,8
5058,12,12
5059,7,7
5060,9,9
5061,13,1
5062,5,5
5063,7,7
5064,9,9
5065,9,9
5066,4,5
5067,5,5
5068,5,5
5069,12,13
5070,11,11
5071,7,7
5072,11,11
5073,5,5
5074,13,13
5075,6,6
5076,12,12
5077,7,7
5078,10,11
5079,5,5
5080,13,13
5081,13,5
5082,6,6
5083,5,5
5084,3,3
5085,12,12
5086,14,14
5087,4,13
5088,4,13
5089,11,2
5090,11,11
5091,7,7
5092,10,10
5093,14,14
5094,9,11
5095,3,2
5096,6,6
5097,7,7
5098,6,5
5099,14,13
5100,5,5
5101,11,1
5102,13,13
5103,13,13
5104,7,7
5105,5,5
5106,6,6
5107,7,7
5108,11,11
5109,1,1
5110,3,9
5111,10,10
5112,13,13
5113,5,5
5114,1,1
5115,13,13
5116,5,5
5117,6,1
5118,13,13
5119,11,13
5120,13,13
5121,1,1
5122,9,9
5123,6,7
5124,5,5
5125,12,11
5126,5,5
5127,6,13
5128,11,12
5129,11,11
5130,4,4
5131,10,7
5132,7,7
5133,5,3
5134,9,9
5135,9,11
5136,13,13
5137,13,13
5138,10,11
5139,10,10
5140,4,5
5141,3,3
5142,9,9
5143,5,5
5144,5,5
5145,12,12
5146,5,5
5147,14,7
5148,13,13
5149,1,1
5150,14,14
5151,6,13
5152,6,1
5153,4,4
5154,9,9
5155,13,13
5156,13,13
5157,1,1
5158,11,7
5159,7,7
5160,6,6
5161,13,13
5162,13,13
5163,2,2
5164,10,5
5165,9,9
5166,10,5
5167,9,9
5168,11,12
5169,1,1
5170,5,5
5171,5,5
5172,7,7
5173,13,13
5174,13,13
5175,12,13
5176,6,6
5177,13,13
5178,9,8
5179,1,1
5180,9,10
5181,5,5
5182,13,13
5183,6,13
5184,5,5
5185,6,1
5186,12,12
5187,7,5
5188,7,7
5189,5,5
5190,11,11
5191,8,8
5192,11,11
5193,13,13
5194,6,13
5195,5,5
5196,12,6
5197,5,5
5198,13,13
5199,12,11
5200,13,13
5201,10,4
5202,2,2
5203,2,2
5204,11,11
5205,5,5
5206,9,9
5207,13,13
5208,4,5
5209,5,5
5210,5,5
5211,12,12
5212,13,13
5213,9,7
5214,3,3
5215,3,3
5216,9,9
5217,2,2
5218,5,5
5219,5,5
5220,7,7
5221,3,3
5222,13,13
5223,6,13
5224,1,1
5225,7,7
5226,6,6
5227,5,5
5228,13,13
5229,7,7
5230,14,11
5231,6,6
5232,6,10
5233,9,9
5234,5,5
5235,2,2
5236,11,11
5237,6,6
5238,13,13
5239,1,13
5240,5,5
5241,6,6
5242,6,6
5243,13,13
5244,5,5
5245,13,13
5246,14,14
5247,6,6
5248,6,14
5249,5,5
5250,13,13
5251,6,14
5252,4,4
5253,8,13
5254,1,1
5255,1,1
5256,12,12
5257,14,14
5258,10,11
5259,10,5
5260,5,5
5261,1,1
5262,10,10
5263,2,8
5264,10,13
5265,10,10
5266,1,14
5267,10,10
5268,6,7
5269,14,14
5270,5,5
5271,11,11
5272,13,13
5273,1,1
5274,13,13
5275,10,10
5276,10,10
5277,9,3
5278,6,6
5279,1,1
5280,5,10
5281,11,11
5282,9,9
5283,7,7
5284,8,8
5285,3,3
5286,10,10
5287,5,5
5288,6,13
5289,2,2
5290,2,2
5291,3,5
5292,13,13
5293,5,5
5294,1,1
5295,4,4
5296,13,13
5297,3,1
5298,12,12
5299,13,13
5300,1,1
5301,13,13
5302,10,10
5303,6,6
5304,9,9
5305,6,6
5306,4,4
5307,7,7
5308,13,13
5309,5,5
5310,7,7
5311,8,12
5312,6,6
5313,12,12
5314,6,6
5315,6,13
5316,13,5
5317,11,11
5318,3,3
5319,5,5
5320,4,5
5321,6,6
5322,6,6
5323,5,5
5324,6,8
5325,6,7
5326,9,9
5327,13,13
5328,8,8
5329,12,11
5330,2,11
5331,9,9
5332,5,5
5333,5,5
5334,11,2
5335,7,3
5336,1,1
5337,7,5
5338,7,7
5339,6,6
5340,7,7
5341,10,5
5342,5,5
5343,12,11
5344,13,13
5345,4,4
5346,13,13
5347,5,5
5348,5,5
5349,7,5
5350,6,14
5351,13,13
5352,6,2
5353,6,10
5354,11,11
5355,5,5
5356,14,14
5357,13,13
5358,10,6
5359,7,11
5360,1,1
5361,8,8
5362,3,1
5363,2,2
5364,6,6
5365,6,6
5366,13,13
5367,3,3
5368,13,13
5369,5,5
5370,2,5
5371,5,5
5372,6,6
5373,13,13
5374,12,12
5375,6,13
5376,6,6
5377,2,2
5378,10,10
5379,5,5
5380,12,13
5381,13,6
5382,5,5
5383,13,13
5384,1,1
5385,6,1
5386,13,13
5387,3,10
5388,6,12
5389,1,1
5390,5,5
5391,6,10
5392,6,6
5393,13,12
5394,12,12
5395,9,9
5396,5,5
5397,5,5
5398,13,13
5399,7,7
5400,6,6
5401,5,5
5402,12,13
5403,13,12
5404,11,11
5405,6,6
5406,7,7
5407,5,5
5408,6,7
5409,10,6
5410,5,7
5411,12,3
5412,5,5
5413,13,13
5414,5,5
5415,12,12
5416,14,14
5417,6,4
5418,13,13
5419,7,7
5420,11,11
5421,11,11
5422,5,5
5423,5,5
5424,5,5
5425,1,1
5426,9,9
5427,10,10
5428,14,14
5429,5,5
5430,10,10
5431,14,14
5432,5,5
5433,5,5
5434,1,1
5435,6,1
5436,10,10
5437,7,7
5438,7,7
5439,5,5
5440,13,13
5441,9,9
5442,10,8
5443,7,7
5444,2,2
5445,5,7
5446,3,3
5447,10,7
5448,4,6
5449,8,8
5450,1,1
5451,5,5
5452,10,10
5453,8,8
5454,7,7
5455,3,3
5456,3,3
5457,5,5
5458,13,13
5459,10,10
5460,6,13
5461,11,11
5462,7,6
5463,5,5
5464,9,9
5465,14,14
5466,7,7
5467,13,13
5468,5,5
5469,2,2
5470,5,5
5471,5,5
5472,5,5
5473,13,13
5474,13,13
5475,13,13
5476,3,3
5477,13,13
5478,13,13
5479,13,13
5480,1,1
5481,4,7
5482,11,11
5483,11,11
5484,5,5
5485,13,12
5486,12,12
5487,2,2
5488,6,10
5489,13,13
5490,12,12
5491,11,11
5492,9,9
5493,13,13
5494,13,13
5495,7,7
5496,6,6
5497,13,13
5498,1,1
5499,2,2
5500,11,11
5501,11,3
5502,4,11
5503,7,14
5504,6,6
5505,6,6
5506,13,13
5507,6,13
5508,7,7
5509,7,10
5510,9,9
5511,14,14
5512,9,9
5513,13,13
5514,13,13
5515,3,3
5516,12,12
5517,1,1
5518,12,5
5519,5,5
5520,6,6
5521,7,7
5522,6,6
5523,5,5
5524,13,13
5525,7,7
5526,2,13
5527,5,5
5528,6,6
5529,1,1
5530,13,11
5531,3,3
5532,13,13
5533,11,11
5534,6,6
5535,13,13
5536,6,6
5537,6,13
5538,14,14
5539,13,13
5540,10,10
5541,13,13
5542,4,4
5543,5,7
5544,13,13
5545,13,13
5546,1,1
5547,3,3
5548,13,8
5549,14,14
5550,9,10
5551,5,5
5552,13,13
5553,7,7
5554,12,12
5555,6,6
5556,6,6
5557,8,1
5558,13,13
5559,6,6
5560,8,8
5561,10,10
5562,13,12
5563,13,14
5564,6,6
5565,13,13
5566,13,13
5567,7,7
5568,7,6
5569,8,8
5570,6,5
5571,1,1
5572,14,14
5573,12,12
5574,11,11
5575,5,5
5576,7,7
5577,12,12
5578,6,6
5579,14,14
5580,9,9
5581,14,14
5582,7,7
5583,6,7
5584,8,8
5585,10,10
5586,14,14
5587,5,5
5588,1,1
5589,1,1
5590,5,5
5591,3,3
5592,13,13
5593,5,5
5594,6,6
5595,5,5
5596,6,13
5597,8,7
5598,11,11
5599,3,3
5600,5,5
5601,4,1
5602,13,13
5603,3,10
5604,6,6
5605,13,13
5606,2,2
5607,13,13
5608,6,6
5609,13,13
5610,13,1
5611,2,9
5612,13,13
5613,13,13
5614,12,12
5615,7,7
5616,13,13
5617,14,14
5618,9,11
5619,10,1
5620,13,13
5621,13,13
5622,9,9
5623,13,13
5624,7,7
5625,11,5
5626,9,9
5627,10,3
5628,14,14
5629,5,5
5630,7,7
5631,7,7
5632,6,5
5633,11,11
5634,5,5
5635,9,9
5636,1,2
5637,2,2
5638,13,13
5639,13,13
5640,12,12
5641,1,1
5642,14,14
5643,4,4
5644,8,8
5645,12,12
5646,14,14
5647,9,9
5648,5,5
5649,9,9
5650,13,13
5651,6,8
5652,4,4
5653,13,13
5654,5,9
5655,13,13
5656,6,5
5657,1,1
5658,7,7
5659,5,5
5660,13,13
5661,13,1
5662,10,12
5663,9,9
5664,7,7
5665,13,13
5666,9,1
5667,1,1
5668,6,6
5669,11,11
5670,12,11
5671,12,12
5672,5,5
5673,5,5
5674,14,14
5675,8,8
5676,13,13
5677,5,5
5678,5,5
5679,9,9
5680,13,13
5681,13,13
5682,12,12
5683,10,11
5684,13,13
5685,6,13
5686,13,5
5687,7,2
5688,12,12
5689,6,6
5690,1,1
5691,11,11
5692,7,7
5693,10,10
5694,9,9
5695,7,7
5696,6,7
5697,5,5
5698,6,3
5699,7,7
5700,10,10
5701,12,12
5702,12,3
5703,13,13
5704,2,2
5705,7,7
5706,5,5
5707,5,5
5708,7,7
5709,6,6
5710,7,7
5711,1,1
5712,6,6
5713,6,7
5714,7,5
5715,11,11
5716,9,7
5717,13,13
5718,6,6
5719,7,5
5720,6,6
5721,13,13
5722,3,3
5723,9,9
5724,4,4
5725,7,7
5726,14,2
5727,10,13
5728,13,13
5729,13,13
5730,6,13
5731,5,5
5732,7,7
5733,1,1
5734,13,13
5735,13,13
5736,11,11
5737,1,1
5738,6,6
5739,2,2
5740,12,12
5741,14,1
5742,11,11
5743,2,4
5744,11,11
5745,10,7
5746,5,5
5747,11,11
5748,13,3
5749,14,14
5750,5,5
5751,13,13
5752,9,9
5753,13,13
5754,5,5
5755,8,10
5756,5,5
5757,6,11
5758,6,6
5759,1,7
5760,11,11
5761,5,5
5762,5,5
5763,7,7
5764,5,5
5765,1,1
5766,11,11
5767,13,13
5768,13,11
5769,9,8
5770,9,14
5771,7,7
5772,1,1
5773,13,13
5774,13,13
5775,13,13
5776,4,4
5777,11,11
5778,10,5
5779,5,7
5780,1,6
5781,13,13
5782,9,10
5783,4,4
5784,11,11
5785,9,9
5786,5,5
5787,13,13
5788,9,11
5789,1,1
5790,5,5
5791,4,4
5792,11,11
5793,13,13
5794,1,1
5795,5,5
5796,2,2
5797,3,3
5798,9,5
5799,6,1
5800,2,5
5801,12,12
5802,5,5
5803,13,13
5804,5,5
5805,9,9
5806,4,6
5807,5,5
5808,13,13
5809,7,9
5810,5,5
5811,9,9
5812,12,12
5813,9,9
5814,6,14
5815,3,3
5816,2,1
5817,2,2
5818,13,12
5819,9,9
5820,13,13
5821,6,6
5822,3,3
5823,12,11
5824,5,5
5825,14,14
5826,13,13
5827,6,8
5828,9,9
5829,5,5
5830,8,8
5831,2,2
5832,12,12
5833,13,13
5834,5,5
5835,7,7
5836,13,13
5837,8,8
5838,12,12
5839,11,11
5840,6,6
5841,7,7
5842,6,6
5843,13,13
5844,8,8
5845,5,5
5846,5,14
5847,4,13
5848,8,8
5849,6,1
5850,6,6
5851,6,6
5852,4,13
5853,5,5
5854,7,5
5855,13,13
5856,5,5
5857,3,10
5858,9,13
5859,14,5
5860,11,11
5861,5,5
5862,5,5
5863,6,6
5864,12,12
5865,13,13
5866,11,11
5867,9,9
5868,7,7
5869,4,1
5870,6,5
5871,10,10
5872,4,4
5873,6,1
5874,10,10
5875,9,9
5876,6,8
5877,5,5
5878,13,13
5879,12,12
5880,13,13
5881,9,9
5882,5,5
5883,13,13
5884,12,1
5885,13,1
5886,5,5
5887,6,1
5888,5,5
5889,5,5
5890,7,7
5891,7,7
5892,1,1
5893,13,13
5894,6,1
5895,11,11
5896,13,13
5897,5,5
5898,5,5
5899,9,9
5900,13,4
5901,5,5
5902,13,5
5903,1,1
5904,7,7
5905,7,7
5906,14,14
5907,11,11
5908,7,7
5909,13,13
5910,7,5
5911,6,6
5912,1,1
5913,5,5
5914,5,5
5915,13,13
5916,11,13
5917,10,10
5918,7,7
5919,2,7
5920,6,6
5921,12,12
5922,3,3
5923,13,13
5924,6,6
5925,5,5
5926,11,11
5927,7,7
5928,13,13
5929,13,13
5930,5,7
5931,13,13
5932,6,10
5933,5,13
5934,6,5
5935,10,7
5936,5,5
5937,5,5
5938,7,8
5939,13,13
5940,5,5
5941,12,12
5942,5,5
5943,13,13
5944,4,4
5945,12,12
5946,6,6
5947,14,14
5948,6,6
5949,13,13
5950,13,13
5951,6,12
5952,13,13
5953,1,6
5954,13,13
5955,5,5
5956,12,12
5957,4,4
5958,4,4
5959,11,13
5960,8,13
5961,13,13
5962,7,5
5963,13,13
5964,9,9
5965,13,13
5966,6,6
5967,11,11
5968,4,6
5969,13,13
5970,8,8
5971,7,7
5972,7,7
5973,6,6
5974,6,9
5975,13,13
5976,5,5
5977,5,11
5978,1,6
5979,9,11
5980,8,8
5981,13,13
5982,14,14
5983,6,8
5984,5,5
5985,7,5
5986,6,6
5987,10,6
5988,5,13
5989,5,5
5990,13,13
5991,10,5
5992,1,1
5993,6,13
5994,10,11
5995,5,7
5996,13,13
5997,12,12
5998,9,9
5999,13,13
6000,13,13
6001,13,13
6002,12,12
6003,6,6
6004,1,1
6005,13,13
6006,2,2
6007,14,14
6008,10,10
6009,8,14
6010,13,13
6011,1,13
6012,11,12
6013,9,9
6014,8,8
6015,12,12
6016,14,14
6017,5,5
6018,1,1
6019,13,13
6020,12,13
6021,14,13
6022,11,11
6023,4,11
6024,13,13
6025,11,11
6026,14,13
6027,14,6
6028,5,5
6029,13,13
6030,12,12
6031,6,13
6032,10,5
6033,13,13
6034,6,5
6035,6,5
6036,10,5
6037,14,14
6038,13,12
6039,5,5
6040,1,1
6041,13,13
6042,10,10
6043,13,13
6044,10,10
6045,13,13
6046,13,11
6047,7,7
6048,11,11
6049,13,13
6050,9,9
6051,5,5
6052,12,12
6053,5,5
6054,2,2
6055,11,1
6056,4,4
6057,7,7
6058,10,10
6059,1,1
6060,12,11
6061,13,13
6062,13,13
6063,11,11
6064,4,14
6065,1,1
6066,11,11
6067,13,13
6068,14,14
6069,5,5
6070,7,7
6071,6,12
6072,13,13
6073,12,12
6074,10,5
6075,2,2
6076,6,6
6077,13,13
6078,5,5
6079,8,8
6080,6,10
6081,5,5
6082,7,7
6083,3,3
6084,10,10
6085,9,9
6086,6,6
6087,13,13
6088,5,5
6089,3,3
6090,13,13
6091,1,1
6092,6,6
6093,3,10
6094,13,14
6095,13,13
6096,3,10
6097,13,13
6098,12,13
6099,7,7
6100,11,11
6101,4,5
6102,6,6
6103,9,9
6104,6,12
6105,9,5
6106,6,6
6107,9,13
6108,6,6
6109,13,1
6110,7,13
6111,5,5
6112,9,9
6113,9,9
6114,5,5
6115,13,13
6116,12,3
6117,3,10
6118,10,10
6119,14,14
6120,7,7
6121,10,10
6122,7,7
6123,9,11
6124,3,3
6125,12,12
6126,2,2
6127,10,10
6128,8,9
6129,5,5
6130,4,4
6131,5,5
6132,12,12
6133,8,13
6134,8,13
6135,6,6
6136,3,9
6137,12,12
6138,13,13
6139,6,6
6140,7,5
6141,6,6
6142,5,5
6143,13,13
6144,13,13
6145,7,5
6146,1,1
6147,8,8
6148,4,5
6149,11,11
6150,9,9
6151,11,13
6152,7,7
6153,13,13
6154,6,1
6155,1,1
6156,9,9
6157,9,9
6158,11,11
6159,11,11
6160,6,7
6161,9,2
6162,14,14
6163,5,5
6164,8,14
6165,11,10
6166,5,5
6167,4,6
6168,7,7
6169,6,6
6170,6,6
6171,10,4
6172,11,11
6173,11,13
6174,13,13
6175,6,7
6176,8,8
6177,6,6
6178,10,10
6179,1,1
6180,13,13
6181,7,6
6182,7,7
6183,10,11
6184,12,12
6185,6,1
6186,5,5
6187,13,13
6188,2,2
6189,5,5
6190,13,13
6191,5,5
6192,14,14
6193,13,13
6194,3,3
6195,1,1
6196,13,13
6197,5,5
6198,9,9
6199,2,14
6200,6,6
6201,13,13
6202,13,13
6203,13,13
6204,12,12
6205,13,13
6206,13,13
6207,7,7
6208,11,11
6209,6,5
6210,11,6
6211,1,1
6212,13,13
6213,2,2
